query_name,query_md5,match_name,containment,intersect_hashes,ksize,scaled,moltype,match_md5,jaccard,max_containment,average_abund,median_abund,std_abund,query_containment_ani,match_containment_ani,average_containment_ani,max_containment_ani,n_weighted_found,total_weighted_hashes
sp|P41958|CED9_CAEEL Apoptosis regulator ced-9 OS=Caenorhabditis elegans OX=6239 GN=ced-9 PE=1 SV=1,fe3714626e8180caf90f78091563aae6,"sp|Q9BXH1|BBC3_HUMAN Bcl-2-binding component 3, isoforms 1/2 OS=Homo sapiens OX=9606 GN=BBC3 PE=1 SV=1",0.04081632653061224,2,48,5,hp,1d49aa1205276b9ba0176c6680cacd6d,0.024390243902439025,0.05714285714285714,1.0,1.0,0.0,0.9355328459682174,0.9421138187376149,0.9388233323529162,0.9421138187376149,2,35
sp|P41958|CED9_CAEEL Apoptosis regulator ced-9 OS=Caenorhabditis elegans OX=6239 GN=ced-9 PE=1 SV=1,fe3714626e8180caf90f78091563aae6,sp|Q16611|BAK_HUMAN Bcl-2 homologous antagonist/killer OS=Homo sapiens OX=9606 GN=BAK1 PE=1 SV=1,0.02040816326530612,1,48,5,hp,1f59cdb10b02a7c6baff18b034518599,0.011111111111111112,0.023809523809523808,1.0,1.0,0.0,0.9221202973899911,0.9250864216273635,0.9236033595086773,0.9250864216273635,1,42
sp|P41958|CED9_CAEEL Apoptosis regulator ced-9 OS=Caenorhabditis elegans OX=6239 GN=ced-9 PE=1 SV=1,fe3714626e8180caf90f78091563aae6,sp|Q13625|ASPP2_HUMAN Apoptosis-stimulating of p53 protein 2 OS=Homo sapiens OX=9606 GN=TP53BP2 PE=1 SV=2,0.02040816326530612,1,48,5,hp,35da5dcf3561c6c0b0aaa34a118eabef,0.0036101083032490976,0.02040816326530612,1.0,1.0,0.0,0.9221202973899911,0.8929697781452893,0.9075450377676402,0.9221202973899911,1,230
sp|P41958|CED9_CAEEL Apoptosis regulator ced-9 OS=Caenorhabditis elegans OX=6239 GN=ced-9 PE=1 SV=1,fe3714626e8180caf90f78091563aae6,sp|Q12982|BNIP2_HUMAN BCL2/adenovirus E1B 19 kDa protein-interacting protein 2 OS=Homo sapiens OX=9606 GN=BNIP2 PE=1 SV=1,0.04081632653061224,2,48,5,hp,7bbc6e2ea3a472034fc31321943032ee,0.02040816326530612,0.04081632653061224,1.0,1.0,0.0,0.9355328459682174,0.934753456124389,0.9351431510463032,0.9355328459682174,2,51
sp|P41958|CED9_CAEEL Apoptosis regulator ced-9 OS=Caenorhabditis elegans OX=6239 GN=ced-9 PE=1 SV=1,fe3714626e8180caf90f78091563aae6,sp|Q9UK96|FBX10_HUMAN F-box only protein 10 OS=Homo sapiens OX=9606 GN=FBXO10 PE=1 SV=3,0.061224489795918366,3,48,5,hp,97f5f83c6214d6792113785b96747383,0.014354066985645933,0.061224489795918366,1.0,1.0,0.0,0.9434689410983454,0.9201376138657374,0.9318032774820415,0.9434689410983454,3,164
