query_name,query_md5,match_name,match_md5,containment,max_containment,jaccard,intersect_hashes,ksize,scaled,moltype,prob_overlap,prob_overlap_adjusted,containment_adjusted,containment_adjusted_log10,tf_idf_score
sp|P41958|CED9_CAEEL Apoptosis regulator ced-9 OS=Caenorhabditis elegans OX=6239 GN=ced-9 PE=1 SV=1,fe3714626e8180caf90f78091563aae6,sp|Q13625|ASPP2_HUMAN Apoptosis-stimulating of p53 protein 2 OS=Homo sapiens OX=9606 GN=TP53BP2 PE=1 SV=2,35da5dcf3561c6c0b0aaa34a118eabef,0.02040816326530612,0.02040816326530612,0.0036101083032490976,1.0,48,5,hp,0.000011595547309833022,0.00028988868274582556,70.4,1.8475726591421122,0.0727540685196232
sp|P41958|CED9_CAEEL Apoptosis regulator ced-9 OS=Caenorhabditis elegans OX=6239 GN=ced-9 PE=1 SV=1,fe3714626e8180caf90f78091563aae6,sp|Q12982|BNIP2_HUMAN BCL2/adenovirus E1B 19 kDa protein-interacting protein 2 OS=Homo sapiens OX=9606 GN=BNIP2 PE=1 SV=1,7bbc6e2ea3a472034fc31321943032ee,0.04081632653061224,0.04081632653061224,0.02040816326530612,2.0,48,5,hp,0.000023191094619666044,0.0005797773654916511,70.4,1.8475726591421122,0.1455081370392464
sp|P41958|CED9_CAEEL Apoptosis regulator ced-9 OS=Caenorhabditis elegans OX=6239 GN=ced-9 PE=1 SV=1,fe3714626e8180caf90f78091563aae6,sp|Q16611|BAK_HUMAN Bcl-2 homologous antagonist/killer OS=Homo sapiens OX=9606 GN=BAK1 PE=1 SV=1,1f59cdb10b02a7c6baff18b034518599,0.02040816326530612,0.023809523809523808,0.011111111111111112,1.0,48,5,hp,0.000011595547309833022,0.00028988868274582556,70.4,1.8475726591421122,0.0727540685196232
sp|P41958|CED9_CAEEL Apoptosis regulator ced-9 OS=Caenorhabditis elegans OX=6239 GN=ced-9 PE=1 SV=1,fe3714626e8180caf90f78091563aae6,"sp|Q9BXH1|BBC3_HUMAN Bcl-2-binding component 3, isoforms 1/2 OS=Homo sapiens OX=9606 GN=BBC3 PE=1 SV=1",1d49aa1205276b9ba0176c6680cacd6d,0.04081632653061224,0.05714285714285714,0.024390243902439025,2.0,48,5,hp,0.000023191094619666044,0.0005797773654916511,70.4,1.8475726591421122,0.1455081370392464
sp|P41958|CED9_CAEEL Apoptosis regulator ced-9 OS=Caenorhabditis elegans OX=6239 GN=ced-9 PE=1 SV=1,fe3714626e8180caf90f78091563aae6,sp|Q9UK96|FBX10_HUMAN F-box only protein 10 OS=Homo sapiens OX=9606 GN=FBXO10 PE=1 SV=3,97f5f83c6214d6792113785b96747383,0.061224489795918366,0.061224489795918366,0.014354066985645933,3.0,48,5,hp,0.00003478664192949907,0.0008696660482374767,70.4,1.8475726591421122,0.2182622055588696
