x,n_regions_at_least,fitted_n_regions_at_least,reference_n_regions_at_least,in_fit,r_database,k,lambda_analytic,match_probability,null,reference,mismatch_penalty,xdrop,n_queries,query_residues,database_kmers,bin_width
0.000,58699570,5926298926.221,57748686,false,0.8653012180630112,0.018010881503590537,0.4499970535423192,0.5108115744279745,database,shuffled-dipeptide,2,8,200,71748,4586050,0.5
0.500,58699009,3844906487.120,57748325,false,0.8653012180630112,0.018010881503590537,0.4499970535423192,0.5108115744279745,database,shuffled-dipeptide,2,8,200,71748,4586050,0.5
1.000,58698248,2494525854.794,57747720,false,0.8653012180630112,0.018010881503590537,0.4499970535423192,0.5108115744279745,database,shuffled-dipeptide,2,8,200,71748,4586050,0.5
1.500,58696262,1618416276.464,57745598,false,0.8653012180630112,0.018010881503590537,0.4499970535423192,0.5108115744279745,database,shuffled-dipeptide,2,8,200,71748,4586050,0.5
2.000,58689944,1050007655.318,57738674,false,0.8653012180630112,0.018010881503590537,0.4499970535423192,0.5108115744279745,database,shuffled-dipeptide,2,8,200,71748,4586050,0.5
2.500,58671507,681231455.875,57718866,false,0.8653012180630112,0.018010881503590537,0.4499970535423192,0.5108115744279745,database,shuffled-dipeptide,2,8,200,71748,4586050,0.5
3.000,58619496,441974202.876,57663641,false,0.8653012180630112,0.018010881503590537,0.4499970535423192,0.5108115744279745,database,shuffled-dipeptide,2,8,200,71748,4586050,0.5
3.500,58481183,286747175.756,57520697,false,0.8653012180630112,0.018010881503590537,0.4499970535423192,0.5108115744279745,database,shuffled-dipeptide,2,8,200,71748,4586050,0.5
4.000,58092541,186037877.932,57120472,false,0.8653012180630112,0.018010881503590537,0.4499970535423192,0.5108115744279745,database,shuffled-dipeptide,2,8,200,71748,4586050,0.5
4.500,57011032,120698981.374,56019275,false,0.8653012180630112,0.018010881503590537,0.4499970535423192,0.5108115744279745,database,shuffled-dipeptide,2,8,200,71748,4586050,0.5
5.000,53683088,78307946.030,52645951,false,0.8653012180630112,0.018010881503590537,0.4499970535423192,0.5108115744279745,database,shuffled-dipeptide,2,8,200,71748,4586050,0.5
5.500,43232569,50805187.763,42201438,false,0.8653012180630112,0.018010881503590537,0.4499970535423192,0.5108115744279745,database,shuffled-dipeptide,2,8,200,71748,4586050,0.5
6.000,30200755,32961752.088,29257263,false,0.8653012180630112,0.018010881503590537,0.4499970535423192,0.5108115744279745,database,shuffled-dipeptide,2,8,200,71748,4586050,0.5
6.500,20416694,21385160.622,19589068,false,0.8653012180630112,0.018010881503590537,0.4499970535423192,0.5108115744279745,database,shuffled-dipeptide,2,8,200,71748,4586050,0.5
7.000,13610186,13874417.040,12891560,false,0.8653012180630112,0.018010881503590537,0.4499970535423192,0.5108115744279745,database,shuffled-dipeptide,2,8,200,71748,4586050,0.5
7.500,8985401,9001543.247,8395087,true,0.8653012180630112,0.018010881503590537,0.4499970535423192,0.5108115744279745,database,shuffled-dipeptide,2,8,200,71748,4586050,0.5
8.000,5890606,5840085.432,5409642,true,0.8653012180630112,0.018010881503590537,0.4499970535423192,0.5108115744279745,database,shuffled-dipeptide,2,8,200,71748,4586050,0.5
8.500,3841952,3788972.282,3454796,true,0.8653012180630112,0.018010881503590537,0.4499970535423192,0.5108115744279745,database,shuffled-dipeptide,2,8,200,71748,4586050,0.5
9.000,2494984,2458236.462,2186713,true,0.8653012180630112,0.018010881503590537,0.4499970535423192,0.5108115744279745,database,shuffled-dipeptide,2,8,200,71748,4586050,0.5
9.500,1618200,1594872.185,1374221,true,0.8653012180630112,0.018010881503590537,0.4499970535423192,0.5108115744279745,database,shuffled-dipeptide,2,8,200,71748,4586050,0.5
10.000,1051321,1034732.552,857980,true,0.8653012180630112,0.018010881503590537,0.4499970535423192,0.5108115744279745,database,shuffled-dipeptide,2,8,200,71748,4586050,0.5
10.500,687112,671321.165,533440,true,0.8653012180630112,0.018010881503590537,0.4499970535423192,0.5108115744279745,database,shuffled-dipeptide,2,8,200,71748,4586050,0.5
11.000,452793,435544.534,329998,true,0.8653012180630112,0.018010881503590537,0.4499970535423192,0.5108115744279745,database,shuffled-dipeptide,2,8,200,71748,4586050,0.5
11.500,301798,282575.689,203536,false,0.8653012180630112,0.018010881503590537,0.4499970535423192,0.5108115744279745,database,shuffled-dipeptide,2,8,200,71748,4586050,0.5
12.000,204508,183331.471,124942,false,0.8653012180630112,0.018010881503590537,0.4499970535423192,0.5108115744279745,database,shuffled-dipeptide,2,8,200,71748,4586050,0.5
12.500,140935,118943.099,76450,false,0.8653012180630112,0.018010881503590537,0.4499970535423192,0.5108115744279745,database,shuffled-dipeptide,2,8,200,71748,4586050,0.5
13.000,99714,77168.752,47149,false,0.8653012180630112,0.018010881503590537,0.4499970535423192,0.5108115744279745,database,shuffled-dipeptide,2,8,200,71748,4586050,0.5
13.500,72669,50066.094,29165,false,0.8653012180630112,0.018010881503590537,0.4499970535423192,0.5108115744279745,database,shuffled-dipeptide,2,8,200,71748,4586050,0.5
14.000,54426,32482.237,18067,false,0.8653012180630112,0.018010881503590537,0.4499970535423192,0.5108115744279745,database,shuffled-dipeptide,2,8,200,71748,4586050,0.5
14.500,41713,21074.058,11298,false,0.8653012180630112,0.018010881503590537,0.4499970535423192,0.5108115744279745,database,shuffled-dipeptide,2,8,200,71748,4586050,0.5
15.000,32730,13672.577,6939,false,0.8653012180630112,0.018010881503590537,0.4499970535423192,0.5108115744279745,database,shuffled-dipeptide,2,8,200,71748,4586050,0.5
15.500,26342,8870.592,4371,false,0.8653012180630112,0.018010881503590537,0.4499970535423192,0.5108115744279745,database,shuffled-dipeptide,2,8,200,71748,4586050,0.5
16.000,21547,5755.126,2699,false,0.8653012180630112,0.018010881503590537,0.4499970535423192,0.5108115744279745,database,shuffled-dipeptide,2,8,200,71748,4586050,0.5
16.500,17804,3733.852,1700,false,0.8653012180630112,0.018010881503590537,0.4499970535423192,0.5108115744279745,database,shuffled-dipeptide,2,8,200,71748,4586050,0.5
17.000,15089,2422.475,1041,false,0.8653012180630112,0.018010881503590537,0.4499970535423192,0.5108115744279745,database,shuffled-dipeptide,2,8,200,71748,4586050,0.5
17.500,12790,1571.671,666,false,0.8653012180630112,0.018010881503590537,0.4499970535423192,0.5108115744279745,database,shuffled-dipeptide,2,8,200,71748,4586050,0.5
18.000,10883,1019.680,436,false,0.8653012180630112,0.018010881503590537,0.4499970535423192,0.5108115744279745,database,shuffled-dipeptide,2,8,200,71748,4586050,0.5
18.500,8790,661.555,271,false,0.8653012180630112,0.018010881503590537,0.4499970535423192,0.5108115744279745,database,shuffled-dipeptide,2,8,200,71748,4586050,0.5
19.000,7477,429.208,175,false,0.8653012180630112,0.018010881503590537,0.4499970535423192,0.5108115744279745,database,shuffled-dipeptide,2,8,200,71748,4586050,0.5
19.500,6378,278.465,114,false,0.8653012180630112,0.018010881503590537,0.4499970535423192,0.5108115744279745,database,shuffled-dipeptide,2,8,200,71748,4586050,0.5
20.000,5538,180.664,78,false,0.8653012180630112,0.018010881503590537,0.4499970535423192,0.5108115744279745,database,shuffled-dipeptide,2,8,200,71748,4586050,0.5
20.500,4729,117.213,49,false,0.8653012180630112,0.018010881503590537,0.4499970535423192,0.5108115744279745,database,shuffled-dipeptide,2,8,200,71748,4586050,0.5
21.000,4117,76.046,26,false,0.8653012180630112,0.018010881503590537,0.4499970535423192,0.5108115744279745,database,shuffled-dipeptide,2,8,200,71748,4586050,0.5
21.500,3519,49.338,15,false,0.8653012180630112,0.018010881503590537,0.4499970535423192,0.5108115744279745,database,shuffled-dipeptide,2,8,200,71748,4586050,0.5
22.000,3034,32.010,9,false,0.8653012180630112,0.018010881503590537,0.4499970535423192,0.5108115744279745,database,shuffled-dipeptide,2,8,200,71748,4586050,0.5
22.500,2681,20.767,6,false,0.8653012180630112,0.018010881503590537,0.4499970535423192,0.5108115744279745,database,shuffled-dipeptide,2,8,200,71748,4586050,0.5
23.000,2377,13.474,5,false,0.8653012180630112,0.018010881503590537,0.4499970535423192,0.5108115744279745,database,shuffled-dipeptide,2,8,200,71748,4586050,0.5
23.500,2126,8.742,5,false,0.8653012180630112,0.018010881503590537,0.4499970535423192,0.5108115744279745,database,shuffled-dipeptide,2,8,200,71748,4586050,0.5
24.000,1936,5.671,4,false,0.8653012180630112,0.018010881503590537,0.4499970535423192,0.5108115744279745,database,shuffled-dipeptide,2,8,200,71748,4586050,0.5
24.500,1813,3.680,1,false,0.8653012180630112,0.018010881503590537,0.4499970535423192,0.5108115744279745,database,shuffled-dipeptide,2,8,200,71748,4586050,0.5
25.000,1695,2.387,1,false,0.8653012180630112,0.018010881503590537,0.4499970535423192,0.5108115744279745,database,shuffled-dipeptide,2,8,200,71748,4586050,0.5
25.500,1604,1.549,1,false,0.8653012180630112,0.018010881503590537,0.4499970535423192,0.5108115744279745,database,shuffled-dipeptide,2,8,200,71748,4586050,0.5
26.000,1520,1.005,,false,0.8653012180630112,0.018010881503590537,0.4499970535423192,0.5108115744279745,database,shuffled-dipeptide,2,8,200,71748,4586050,0.5
26.500,1467,0.652,,false,0.8653012180630112,0.018010881503590537,0.4499970535423192,0.5108115744279745,database,shuffled-dipeptide,2,8,200,71748,4586050,0.5
27.000,1407,0.423,,false,0.8653012180630112,0.018010881503590537,0.4499970535423192,0.5108115744279745,database,shuffled-dipeptide,2,8,200,71748,4586050,0.5
27.500,1362,0.274,,false,0.8653012180630112,0.018010881503590537,0.4499970535423192,0.5108115744279745,database,shuffled-dipeptide,2,8,200,71748,4586050,0.5
28.000,1311,0.178,,false,0.8653012180630112,0.018010881503590537,0.4499970535423192,0.5108115744279745,database,shuffled-dipeptide,2,8,200,71748,4586050,0.5
28.500,1270,0.116,,false,0.8653012180630112,0.018010881503590537,0.4499970535423192,0.5108115744279745,database,shuffled-dipeptide,2,8,200,71748,4586050,0.5
29.000,1251,0.075,,false,0.8653012180630112,0.018010881503590537,0.4499970535423192,0.5108115744279745,database,shuffled-dipeptide,2,8,200,71748,4586050,0.5
29.500,1217,0.049,,false,0.8653012180630112,0.018010881503590537,0.4499970535423192,0.5108115744279745,database,shuffled-dipeptide,2,8,200,71748,4586050,0.5
30.000,1181,0.032,,false,0.8653012180630112,0.018010881503590537,0.4499970535423192,0.5108115744279745,database,shuffled-dipeptide,2,8,200,71748,4586050,0.5
30.500,1150,0.020,,false,0.8653012180630112,0.018010881503590537,0.4499970535423192,0.5108115744279745,database,shuffled-dipeptide,2,8,200,71748,4586050,0.5
31.000,1123,0.013,,false,0.8653012180630112,0.018010881503590537,0.4499970535423192,0.5108115744279745,database,shuffled-dipeptide,2,8,200,71748,4586050,0.5
31.500,1090,0.009,,false,0.8653012180630112,0.018010881503590537,0.4499970535423192,0.5108115744279745,database,shuffled-dipeptide,2,8,200,71748,4586050,0.5
32.000,1056,0.006,,false,0.8653012180630112,0.018010881503590537,0.4499970535423192,0.5108115744279745,database,shuffled-dipeptide,2,8,200,71748,4586050,0.5
32.500,1030,0.004,,false,0.8653012180630112,0.018010881503590537,0.4499970535423192,0.5108115744279745,database,shuffled-dipeptide,2,8,200,71748,4586050,0.5
33.000,1003,0.002,,false,0.8653012180630112,0.018010881503590537,0.4499970535423192,0.5108115744279745,database,shuffled-dipeptide,2,8,200,71748,4586050,0.5
33.500,974,0.002,,false,0.8653012180630112,0.018010881503590537,0.4499970535423192,0.5108115744279745,database,shuffled-dipeptide,2,8,200,71748,4586050,0.5
34.000,952,0.001,,false,0.8653012180630112,0.018010881503590537,0.4499970535423192,0.5108115744279745,database,shuffled-dipeptide,2,8,200,71748,4586050,0.5
34.500,926,0.001,,false,0.8653012180630112,0.018010881503590537,0.4499970535423192,0.5108115744279745,database,shuffled-dipeptide,2,8,200,71748,4586050,0.5
35.000,905,0.000,,false,0.8653012180630112,0.018010881503590537,0.4499970535423192,0.5108115744279745,database,shuffled-dipeptide,2,8,200,71748,4586050,0.5
35.500,890,0.000,,false,0.8653012180630112,0.018010881503590537,0.4499970535423192,0.5108115744279745,database,shuffled-dipeptide,2,8,200,71748,4586050,0.5
36.000,869,0.000,,false,0.8653012180630112,0.018010881503590537,0.4499970535423192,0.5108115744279745,database,shuffled-dipeptide,2,8,200,71748,4586050,0.5
36.500,850,0.000,,false,0.8653012180630112,0.018010881503590537,0.4499970535423192,0.5108115744279745,database,shuffled-dipeptide,2,8,200,71748,4586050,0.5
37.000,821,0.000,,false,0.8653012180630112,0.018010881503590537,0.4499970535423192,0.5108115744279745,database,shuffled-dipeptide,2,8,200,71748,4586050,0.5
37.500,805,0.000,,false,0.8653012180630112,0.018010881503590537,0.4499970535423192,0.5108115744279745,database,shuffled-dipeptide,2,8,200,71748,4586050,0.5
38.000,792,0.000,,false,0.8653012180630112,0.018010881503590537,0.4499970535423192,0.5108115744279745,database,shuffled-dipeptide,2,8,200,71748,4586050,0.5
38.500,774,0.000,,false,0.8653012180630112,0.018010881503590537,0.4499970535423192,0.5108115744279745,database,shuffled-dipeptide,2,8,200,71748,4586050,0.5
39.000,755,0.000,,false,0.8653012180630112,0.018010881503590537,0.4499970535423192,0.5108115744279745,database,shuffled-dipeptide,2,8,200,71748,4586050,0.5
39.500,741,0.000,,false,0.8653012180630112,0.018010881503590537,0.4499970535423192,0.5108115744279745,database,shuffled-dipeptide,2,8,200,71748,4586050,0.5
40.000,714,0.000,,false,0.8653012180630112,0.018010881503590537,0.4499970535423192,0.5108115744279745,database,shuffled-dipeptide,2,8,200,71748,4586050,0.5
40.500,697,0.000,,false,0.8653012180630112,0.018010881503590537,0.4499970535423192,0.5108115744279745,database,shuffled-dipeptide,2,8,200,71748,4586050,0.5
41.000,680,0.000,,false,0.8653012180630112,0.018010881503590537,0.4499970535423192,0.5108115744279745,database,shuffled-dipeptide,2,8,200,71748,4586050,0.5
41.500,665,0.000,,false,0.8653012180630112,0.018010881503590537,0.4499970535423192,0.5108115744279745,database,shuffled-dipeptide,2,8,200,71748,4586050,0.5
42.000,650,0.000,,false,0.8653012180630112,0.018010881503590537,0.4499970535423192,0.5108115744279745,database,shuffled-dipeptide,2,8,200,71748,4586050,0.5
42.500,637,0.000,,false,0.8653012180630112,0.018010881503590537,0.4499970535423192,0.5108115744279745,database,shuffled-dipeptide,2,8,200,71748,4586050,0.5
43.000,621,0.000,,false,0.8653012180630112,0.018010881503590537,0.4499970535423192,0.5108115744279745,database,shuffled-dipeptide,2,8,200,71748,4586050,0.5
43.500,609,0.000,,false,0.8653012180630112,0.018010881503590537,0.4499970535423192,0.5108115744279745,database,shuffled-dipeptide,2,8,200,71748,4586050,0.5
44.000,594,0.000,,false,0.8653012180630112,0.018010881503590537,0.4499970535423192,0.5108115744279745,database,shuffled-dipeptide,2,8,200,71748,4586050,0.5
44.500,577,0.000,,false,0.8653012180630112,0.018010881503590537,0.4499970535423192,0.5108115744279745,database,shuffled-dipeptide,2,8,200,71748,4586050,0.5
45.000,562,0.000,,false,0.8653012180630112,0.018010881503590537,0.4499970535423192,0.5108115744279745,database,shuffled-dipeptide,2,8,200,71748,4586050,0.5
45.500,545,0.000,,false,0.8653012180630112,0.018010881503590537,0.4499970535423192,0.5108115744279745,database,shuffled-dipeptide,2,8,200,71748,4586050,0.5
46.000,539,0.000,,false,0.8653012180630112,0.018010881503590537,0.4499970535423192,0.5108115744279745,database,shuffled-dipeptide,2,8,200,71748,4586050,0.5
46.500,533,0.000,,false,0.8653012180630112,0.018010881503590537,0.4499970535423192,0.5108115744279745,database,shuffled-dipeptide,2,8,200,71748,4586050,0.5
47.000,517,0.000,,false,0.8653012180630112,0.018010881503590537,0.4499970535423192,0.5108115744279745,database,shuffled-dipeptide,2,8,200,71748,4586050,0.5
47.500,503,0.000,,false,0.8653012180630112,0.018010881503590537,0.4499970535423192,0.5108115744279745,database,shuffled-dipeptide,2,8,200,71748,4586050,0.5
48.000,492,0.000,,false,0.8653012180630112,0.018010881503590537,0.4499970535423192,0.5108115744279745,database,shuffled-dipeptide,2,8,200,71748,4586050,0.5
48.500,485,0.000,,false,0.8653012180630112,0.018010881503590537,0.4499970535423192,0.5108115744279745,database,shuffled-dipeptide,2,8,200,71748,4586050,0.5
49.000,475,0.000,,false,0.8653012180630112,0.018010881503590537,0.4499970535423192,0.5108115744279745,database,shuffled-dipeptide,2,8,200,71748,4586050,0.5
49.500,463,0.000,,false,0.8653012180630112,0.018010881503590537,0.4499970535423192,0.5108115744279745,database,shuffled-dipeptide,2,8,200,71748,4586050,0.5
50.000,453,0.000,,false,0.8653012180630112,0.018010881503590537,0.4499970535423192,0.5108115744279745,database,shuffled-dipeptide,2,8,200,71748,4586050,0.5
50.500,442,0.000,,false,0.8653012180630112,0.018010881503590537,0.4499970535423192,0.5108115744279745,database,shuffled-dipeptide,2,8,200,71748,4586050,0.5
51.000,431,0.000,,false,0.8653012180630112,0.018010881503590537,0.4499970535423192,0.5108115744279745,database,shuffled-dipeptide,2,8,200,71748,4586050,0.5
51.500,420,0.000,,false,0.8653012180630112,0.018010881503590537,0.4499970535423192,0.5108115744279745,database,shuffled-dipeptide,2,8,200,71748,4586050,0.5
52.000,412,0.000,,false,0.8653012180630112,0.018010881503590537,0.4499970535423192,0.5108115744279745,database,shuffled-dipeptide,2,8,200,71748,4586050,0.5
52.500,402,0.000,,false,0.8653012180630112,0.018010881503590537,0.4499970535423192,0.5108115744279745,database,shuffled-dipeptide,2,8,200,71748,4586050,0.5
53.000,398,0.000,,false,0.8653012180630112,0.018010881503590537,0.4499970535423192,0.5108115744279745,database,shuffled-dipeptide,2,8,200,71748,4586050,0.5
53.500,390,0.000,,false,0.8653012180630112,0.018010881503590537,0.4499970535423192,0.5108115744279745,database,shuffled-dipeptide,2,8,200,71748,4586050,0.5
54.000,384,0.000,,false,0.8653012180630112,0.018010881503590537,0.4499970535423192,0.5108115744279745,database,shuffled-dipeptide,2,8,200,71748,4586050,0.5
54.500,377,0.000,,false,0.8653012180630112,0.018010881503590537,0.4499970535423192,0.5108115744279745,database,shuffled-dipeptide,2,8,200,71748,4586050,0.5
55.000,370,0.000,,false,0.8653012180630112,0.018010881503590537,0.4499970535423192,0.5108115744279745,database,shuffled-dipeptide,2,8,200,71748,4586050,0.5
55.500,366,0.000,,false,0.8653012180630112,0.018010881503590537,0.4499970535423192,0.5108115744279745,database,shuffled-dipeptide,2,8,200,71748,4586050,0.5
56.000,364,0.000,,false,0.8653012180630112,0.018010881503590537,0.4499970535423192,0.5108115744279745,database,shuffled-dipeptide,2,8,200,71748,4586050,0.5
56.500,353,0.000,,false,0.8653012180630112,0.018010881503590537,0.4499970535423192,0.5108115744279745,database,shuffled-dipeptide,2,8,200,71748,4586050,0.5
57.000,346,0.000,,false,0.8653012180630112,0.018010881503590537,0.4499970535423192,0.5108115744279745,database,shuffled-dipeptide,2,8,200,71748,4586050,0.5
57.500,342,0.000,,false,0.8653012180630112,0.018010881503590537,0.4499970535423192,0.5108115744279745,database,shuffled-dipeptide,2,8,200,71748,4586050,0.5
58.000,335,0.000,,false,0.8653012180630112,0.018010881503590537,0.4499970535423192,0.5108115744279745,database,shuffled-dipeptide,2,8,200,71748,4586050,0.5
58.500,327,0.000,,false,0.8653012180630112,0.018010881503590537,0.4499970535423192,0.5108115744279745,database,shuffled-dipeptide,2,8,200,71748,4586050,0.5
59.000,320,0.000,,false,0.8653012180630112,0.018010881503590537,0.4499970535423192,0.5108115744279745,database,shuffled-dipeptide,2,8,200,71748,4586050,0.5
59.500,313,0.000,,false,0.8653012180630112,0.018010881503590537,0.4499970535423192,0.5108115744279745,database,shuffled-dipeptide,2,8,200,71748,4586050,0.5
60.000,308,0.000,,false,0.8653012180630112,0.018010881503590537,0.4499970535423192,0.5108115744279745,database,shuffled-dipeptide,2,8,200,71748,4586050,0.5
60.500,303,0.000,,false,0.8653012180630112,0.018010881503590537,0.4499970535423192,0.5108115744279745,database,shuffled-dipeptide,2,8,200,71748,4586050,0.5
61.000,296,0.000,,false,0.8653012180630112,0.018010881503590537,0.4499970535423192,0.5108115744279745,database,shuffled-dipeptide,2,8,200,71748,4586050,0.5
61.500,288,0.000,,false,0.8653012180630112,0.018010881503590537,0.4499970535423192,0.5108115744279745,database,shuffled-dipeptide,2,8,200,71748,4586050,0.5
62.000,283,0.000,,false,0.8653012180630112,0.018010881503590537,0.4499970535423192,0.5108115744279745,database,shuffled-dipeptide,2,8,200,71748,4586050,0.5
62.500,275,0.000,,false,0.8653012180630112,0.018010881503590537,0.4499970535423192,0.5108115744279745,database,shuffled-dipeptide,2,8,200,71748,4586050,0.5
63.000,273,0.000,,false,0.8653012180630112,0.018010881503590537,0.4499970535423192,0.5108115744279745,database,shuffled-dipeptide,2,8,200,71748,4586050,0.5
63.500,267,0.000,,false,0.8653012180630112,0.018010881503590537,0.4499970535423192,0.5108115744279745,database,shuffled-dipeptide,2,8,200,71748,4586050,0.5
64.000,263,0.000,,false,0.8653012180630112,0.018010881503590537,0.4499970535423192,0.5108115744279745,database,shuffled-dipeptide,2,8,200,71748,4586050,0.5
64.500,259,0.000,,false,0.8653012180630112,0.018010881503590537,0.4499970535423192,0.5108115744279745,database,shuffled-dipeptide,2,8,200,71748,4586050,0.5
65.000,257,0.000,,false,0.8653012180630112,0.018010881503590537,0.4499970535423192,0.5108115744279745,database,shuffled-dipeptide,2,8,200,71748,4586050,0.5
65.500,255,0.000,,false,0.8653012180630112,0.018010881503590537,0.4499970535423192,0.5108115744279745,database,shuffled-dipeptide,2,8,200,71748,4586050,0.5
66.000,252,0.000,,false,0.8653012180630112,0.018010881503590537,0.4499970535423192,0.5108115744279745,database,shuffled-dipeptide,2,8,200,71748,4586050,0.5
66.500,249,0.000,,false,0.8653012180630112,0.018010881503590537,0.4499970535423192,0.5108115744279745,database,shuffled-dipeptide,2,8,200,71748,4586050,0.5
67.000,247,0.000,,false,0.8653012180630112,0.018010881503590537,0.4499970535423192,0.5108115744279745,database,shuffled-dipeptide,2,8,200,71748,4586050,0.5
67.500,243,0.000,,false,0.8653012180630112,0.018010881503590537,0.4499970535423192,0.5108115744279745,database,shuffled-dipeptide,2,8,200,71748,4586050,0.5
68.000,238,0.000,,false,0.8653012180630112,0.018010881503590537,0.4499970535423192,0.5108115744279745,database,shuffled-dipeptide,2,8,200,71748,4586050,0.5
68.500,233,0.000,,false,0.8653012180630112,0.018010881503590537,0.4499970535423192,0.5108115744279745,database,shuffled-dipeptide,2,8,200,71748,4586050,0.5
69.000,230,0.000,,false,0.8653012180630112,0.018010881503590537,0.4499970535423192,0.5108115744279745,database,shuffled-dipeptide,2,8,200,71748,4586050,0.5
69.500,225,0.000,,false,0.8653012180630112,0.018010881503590537,0.4499970535423192,0.5108115744279745,database,shuffled-dipeptide,2,8,200,71748,4586050,0.5
70.000,221,0.000,,false,0.8653012180630112,0.018010881503590537,0.4499970535423192,0.5108115744279745,database,shuffled-dipeptide,2,8,200,71748,4586050,0.5
70.500,218,0.000,,false,0.8653012180630112,0.018010881503590537,0.4499970535423192,0.5108115744279745,database,shuffled-dipeptide,2,8,200,71748,4586050,0.5
71.000,216,0.000,,false,0.8653012180630112,0.018010881503590537,0.4499970535423192,0.5108115744279745,database,shuffled-dipeptide,2,8,200,71748,4586050,0.5
71.500,213,0.000,,false,0.8653012180630112,0.018010881503590537,0.4499970535423192,0.5108115744279745,database,shuffled-dipeptide,2,8,200,71748,4586050,0.5
72.000,212,0.000,,false,0.8653012180630112,0.018010881503590537,0.4499970535423192,0.5108115744279745,database,shuffled-dipeptide,2,8,200,71748,4586050,0.5
72.500,210,0.000,,false,0.8653012180630112,0.018010881503590537,0.4499970535423192,0.5108115744279745,database,shuffled-dipeptide,2,8,200,71748,4586050,0.5
73.000,207,0.000,,false,0.8653012180630112,0.018010881503590537,0.4499970535423192,0.5108115744279745,database,shuffled-dipeptide,2,8,200,71748,4586050,0.5
73.500,204,0.000,,false,0.8653012180630112,0.018010881503590537,0.4499970535423192,0.5108115744279745,database,shuffled-dipeptide,2,8,200,71748,4586050,0.5
74.000,200,0.000,,false,0.8653012180630112,0.018010881503590537,0.4499970535423192,0.5108115744279745,database,shuffled-dipeptide,2,8,200,71748,4586050,0.5
74.500,193,0.000,,false,0.8653012180630112,0.018010881503590537,0.4499970535423192,0.5108115744279745,database,shuffled-dipeptide,2,8,200,71748,4586050,0.5
75.000,192,0.000,,false,0.8653012180630112,0.018010881503590537,0.4499970535423192,0.5108115744279745,database,shuffled-dipeptide,2,8,200,71748,4586050,0.5
75.500,188,0.000,,false,0.8653012180630112,0.018010881503590537,0.4499970535423192,0.5108115744279745,database,shuffled-dipeptide,2,8,200,71748,4586050,0.5
76.000,186,0.000,,false,0.8653012180630112,0.018010881503590537,0.4499970535423192,0.5108115744279745,database,shuffled-dipeptide,2,8,200,71748,4586050,0.5
76.500,181,0.000,,false,0.8653012180630112,0.018010881503590537,0.4499970535423192,0.5108115744279745,database,shuffled-dipeptide,2,8,200,71748,4586050,0.5
77.000,180,0.000,,false,0.8653012180630112,0.018010881503590537,0.4499970535423192,0.5108115744279745,database,shuffled-dipeptide,2,8,200,71748,4586050,0.5
77.500,179,0.000,,false,0.8653012180630112,0.018010881503590537,0.4499970535423192,0.5108115744279745,database,shuffled-dipeptide,2,8,200,71748,4586050,0.5
78.000,174,0.000,,false,0.8653012180630112,0.018010881503590537,0.4499970535423192,0.5108115744279745,database,shuffled-dipeptide,2,8,200,71748,4586050,0.5
78.500,170,0.000,,false,0.8653012180630112,0.018010881503590537,0.4499970535423192,0.5108115744279745,database,shuffled-dipeptide,2,8,200,71748,4586050,0.5
79.000,169,0.000,,false,0.8653012180630112,0.018010881503590537,0.4499970535423192,0.5108115744279745,database,shuffled-dipeptide,2,8,200,71748,4586050,0.5
79.500,168,0.000,,false,0.8653012180630112,0.018010881503590537,0.4499970535423192,0.5108115744279745,database,shuffled-dipeptide,2,8,200,71748,4586050,0.5
80.000,165,0.000,,false,0.8653012180630112,0.018010881503590537,0.4499970535423192,0.5108115744279745,database,shuffled-dipeptide,2,8,200,71748,4586050,0.5
80.500,163,0.000,,false,0.8653012180630112,0.018010881503590537,0.4499970535423192,0.5108115744279745,database,shuffled-dipeptide,2,8,200,71748,4586050,0.5
81.000,160,0.000,,false,0.8653012180630112,0.018010881503590537,0.4499970535423192,0.5108115744279745,database,shuffled-dipeptide,2,8,200,71748,4586050,0.5
81.500,156,0.000,,false,0.8653012180630112,0.018010881503590537,0.4499970535423192,0.5108115744279745,database,shuffled-dipeptide,2,8,200,71748,4586050,0.5
82.000,155,0.000,,false,0.8653012180630112,0.018010881503590537,0.4499970535423192,0.5108115744279745,database,shuffled-dipeptide,2,8,200,71748,4586050,0.5
82.500,152,0.000,,false,0.8653012180630112,0.018010881503590537,0.4499970535423192,0.5108115744279745,database,shuffled-dipeptide,2,8,200,71748,4586050,0.5
83.000,151,0.000,,false,0.8653012180630112,0.018010881503590537,0.4499970535423192,0.5108115744279745,database,shuffled-dipeptide,2,8,200,71748,4586050,0.5
83.500,150,0.000,,false,0.8653012180630112,0.018010881503590537,0.4499970535423192,0.5108115744279745,database,shuffled-dipeptide,2,8,200,71748,4586050,0.5
84.000,148,0.000,,false,0.8653012180630112,0.018010881503590537,0.4499970535423192,0.5108115744279745,database,shuffled-dipeptide,2,8,200,71748,4586050,0.5
84.500,148,0.000,,false,0.8653012180630112,0.018010881503590537,0.4499970535423192,0.5108115744279745,database,shuffled-dipeptide,2,8,200,71748,4586050,0.5
85.000,145,0.000,,false,0.8653012180630112,0.018010881503590537,0.4499970535423192,0.5108115744279745,database,shuffled-dipeptide,2,8,200,71748,4586050,0.5
85.500,140,0.000,,false,0.8653012180630112,0.018010881503590537,0.4499970535423192,0.5108115744279745,database,shuffled-dipeptide,2,8,200,71748,4586050,0.5
86.000,140,0.000,,false,0.8653012180630112,0.018010881503590537,0.4499970535423192,0.5108115744279745,database,shuffled-dipeptide,2,8,200,71748,4586050,0.5
86.500,139,0.000,,false,0.8653012180630112,0.018010881503590537,0.4499970535423192,0.5108115744279745,database,shuffled-dipeptide,2,8,200,71748,4586050,0.5
87.000,138,0.000,,false,0.8653012180630112,0.018010881503590537,0.4499970535423192,0.5108115744279745,database,shuffled-dipeptide,2,8,200,71748,4586050,0.5
87.500,134,0.000,,false,0.8653012180630112,0.018010881503590537,0.4499970535423192,0.5108115744279745,database,shuffled-dipeptide,2,8,200,71748,4586050,0.5
88.000,132,0.000,,false,0.8653012180630112,0.018010881503590537,0.4499970535423192,0.5108115744279745,database,shuffled-dipeptide,2,8,200,71748,4586050,0.5
88.500,130,0.000,,false,0.8653012180630112,0.018010881503590537,0.4499970535423192,0.5108115744279745,database,shuffled-dipeptide,2,8,200,71748,4586050,0.5
89.000,128,0.000,,false,0.8653012180630112,0.018010881503590537,0.4499970535423192,0.5108115744279745,database,shuffled-dipeptide,2,8,200,71748,4586050,0.5
89.500,128,0.000,,false,0.8653012180630112,0.018010881503590537,0.4499970535423192,0.5108115744279745,database,shuffled-dipeptide,2,8,200,71748,4586050,0.5
90.000,125,0.000,,false,0.8653012180630112,0.018010881503590537,0.4499970535423192,0.5108115744279745,database,shuffled-dipeptide,2,8,200,71748,4586050,0.5
90.500,125,0.000,,false,0.8653012180630112,0.018010881503590537,0.4499970535423192,0.5108115744279745,database,shuffled-dipeptide,2,8,200,71748,4586050,0.5
91.000,125,0.000,,false,0.8653012180630112,0.018010881503590537,0.4499970535423192,0.5108115744279745,database,shuffled-dipeptide,2,8,200,71748,4586050,0.5
91.500,125,0.000,,false,0.8653012180630112,0.018010881503590537,0.4499970535423192,0.5108115744279745,database,shuffled-dipeptide,2,8,200,71748,4586050,0.5
92.000,122,0.000,,false,0.8653012180630112,0.018010881503590537,0.4499970535423192,0.5108115744279745,database,shuffled-dipeptide,2,8,200,71748,4586050,0.5
92.500,120,0.000,,false,0.8653012180630112,0.018010881503590537,0.4499970535423192,0.5108115744279745,database,shuffled-dipeptide,2,8,200,71748,4586050,0.5
93.000,120,0.000,,false,0.8653012180630112,0.018010881503590537,0.4499970535423192,0.5108115744279745,database,shuffled-dipeptide,2,8,200,71748,4586050,0.5
93.500,118,0.000,,false,0.8653012180630112,0.018010881503590537,0.4499970535423192,0.5108115744279745,database,shuffled-dipeptide,2,8,200,71748,4586050,0.5
94.000,117,0.000,,false,0.8653012180630112,0.018010881503590537,0.4499970535423192,0.5108115744279745,database,shuffled-dipeptide,2,8,200,71748,4586050,0.5
94.500,116,0.000,,false,0.8653012180630112,0.018010881503590537,0.4499970535423192,0.5108115744279745,database,shuffled-dipeptide,2,8,200,71748,4586050,0.5
95.000,115,0.000,,false,0.8653012180630112,0.018010881503590537,0.4499970535423192,0.5108115744279745,database,shuffled-dipeptide,2,8,200,71748,4586050,0.5
95.500,114,0.000,,false,0.8653012180630112,0.018010881503590537,0.4499970535423192,0.5108115744279745,database,shuffled-dipeptide,2,8,200,71748,4586050,0.5
96.000,113,0.000,,false,0.8653012180630112,0.018010881503590537,0.4499970535423192,0.5108115744279745,database,shuffled-dipeptide,2,8,200,71748,4586050,0.5
96.500,112,0.000,,false,0.8653012180630112,0.018010881503590537,0.4499970535423192,0.5108115744279745,database,shuffled-dipeptide,2,8,200,71748,4586050,0.5
97.000,111,0.000,,false,0.8653012180630112,0.018010881503590537,0.4499970535423192,0.5108115744279745,database,shuffled-dipeptide,2,8,200,71748,4586050,0.5
97.500,108,0.000,,false,0.8653012180630112,0.018010881503590537,0.4499970535423192,0.5108115744279745,database,shuffled-dipeptide,2,8,200,71748,4586050,0.5
98.000,106,0.000,,false,0.8653012180630112,0.018010881503590537,0.4499970535423192,0.5108115744279745,database,shuffled-dipeptide,2,8,200,71748,4586050,0.5
98.500,105,0.000,,false,0.8653012180630112,0.018010881503590537,0.4499970535423192,0.5108115744279745,database,shuffled-dipeptide,2,8,200,71748,4586050,0.5
99.000,105,0.000,,false,0.8653012180630112,0.018010881503590537,0.4499970535423192,0.5108115744279745,database,shuffled-dipeptide,2,8,200,71748,4586050,0.5
99.500,104,0.000,,false,0.8653012180630112,0.018010881503590537,0.4499970535423192,0.5108115744279745,database,shuffled-dipeptide,2,8,200,71748,4586050,0.5
100.000,104,0.000,,false,0.8653012180630112,0.018010881503590537,0.4499970535423192,0.5108115744279745,database,shuffled-dipeptide,2,8,200,71748,4586050,0.5
100.500,102,0.000,,false,0.8653012180630112,0.018010881503590537,0.4499970535423192,0.5108115744279745,database,shuffled-dipeptide,2,8,200,71748,4586050,0.5
101.000,102,0.000,,false,0.8653012180630112,0.018010881503590537,0.4499970535423192,0.5108115744279745,database,shuffled-dipeptide,2,8,200,71748,4586050,0.5
101.500,101,0.000,,false,0.8653012180630112,0.018010881503590537,0.4499970535423192,0.5108115744279745,database,shuffled-dipeptide,2,8,200,71748,4586050,0.5
102.000,101,0.000,,false,0.8653012180630112,0.018010881503590537,0.4499970535423192,0.5108115744279745,database,shuffled-dipeptide,2,8,200,71748,4586050,0.5
102.500,100,0.000,,false,0.8653012180630112,0.018010881503590537,0.4499970535423192,0.5108115744279745,database,shuffled-dipeptide,2,8,200,71748,4586050,0.5
103.000,99,0.000,,false,0.8653012180630112,0.018010881503590537,0.4499970535423192,0.5108115744279745,database,shuffled-dipeptide,2,8,200,71748,4586050,0.5
103.500,98,0.000,,false,0.8653012180630112,0.018010881503590537,0.4499970535423192,0.5108115744279745,database,shuffled-dipeptide,2,8,200,71748,4586050,0.5
104.000,94,0.000,,false,0.8653012180630112,0.018010881503590537,0.4499970535423192,0.5108115744279745,database,shuffled-dipeptide,2,8,200,71748,4586050,0.5
104.500,93,0.000,,false,0.8653012180630112,0.018010881503590537,0.4499970535423192,0.5108115744279745,database,shuffled-dipeptide,2,8,200,71748,4586050,0.5
105.000,90,0.000,,false,0.8653012180630112,0.018010881503590537,0.4499970535423192,0.5108115744279745,database,shuffled-dipeptide,2,8,200,71748,4586050,0.5
105.500,88,0.000,,false,0.8653012180630112,0.018010881503590537,0.4499970535423192,0.5108115744279745,database,shuffled-dipeptide,2,8,200,71748,4586050,0.5
106.000,86,0.000,,false,0.8653012180630112,0.018010881503590537,0.4499970535423192,0.5108115744279745,database,shuffled-dipeptide,2,8,200,71748,4586050,0.5
106.500,85,0.000,,false,0.8653012180630112,0.018010881503590537,0.4499970535423192,0.5108115744279745,database,shuffled-dipeptide,2,8,200,71748,4586050,0.5
107.000,84,0.000,,false,0.8653012180630112,0.018010881503590537,0.4499970535423192,0.5108115744279745,database,shuffled-dipeptide,2,8,200,71748,4586050,0.5
107.500,84,0.000,,false,0.8653012180630112,0.018010881503590537,0.4499970535423192,0.5108115744279745,database,shuffled-dipeptide,2,8,200,71748,4586050,0.5
108.000,83,0.000,,false,0.8653012180630112,0.018010881503590537,0.4499970535423192,0.5108115744279745,database,shuffled-dipeptide,2,8,200,71748,4586050,0.5
108.500,83,0.000,,false,0.8653012180630112,0.018010881503590537,0.4499970535423192,0.5108115744279745,database,shuffled-dipeptide,2,8,200,71748,4586050,0.5
109.000,83,0.000,,false,0.8653012180630112,0.018010881503590537,0.4499970535423192,0.5108115744279745,database,shuffled-dipeptide,2,8,200,71748,4586050,0.5
109.500,83,0.000,,false,0.8653012180630112,0.018010881503590537,0.4499970535423192,0.5108115744279745,database,shuffled-dipeptide,2,8,200,71748,4586050,0.5
110.000,82,0.000,,false,0.8653012180630112,0.018010881503590537,0.4499970535423192,0.5108115744279745,database,shuffled-dipeptide,2,8,200,71748,4586050,0.5
110.500,82,0.000,,false,0.8653012180630112,0.018010881503590537,0.4499970535423192,0.5108115744279745,database,shuffled-dipeptide,2,8,200,71748,4586050,0.5
111.000,82,0.000,,false,0.8653012180630112,0.018010881503590537,0.4499970535423192,0.5108115744279745,database,shuffled-dipeptide,2,8,200,71748,4586050,0.5
111.500,81,0.000,,false,0.8653012180630112,0.018010881503590537,0.4499970535423192,0.5108115744279745,database,shuffled-dipeptide,2,8,200,71748,4586050,0.5
112.000,80,0.000,,false,0.8653012180630112,0.018010881503590537,0.4499970535423192,0.5108115744279745,database,shuffled-dipeptide,2,8,200,71748,4586050,0.5
112.500,80,0.000,,false,0.8653012180630112,0.018010881503590537,0.4499970535423192,0.5108115744279745,database,shuffled-dipeptide,2,8,200,71748,4586050,0.5
113.000,80,0.000,,false,0.8653012180630112,0.018010881503590537,0.4499970535423192,0.5108115744279745,database,shuffled-dipeptide,2,8,200,71748,4586050,0.5
113.500,78,0.000,,false,0.8653012180630112,0.018010881503590537,0.4499970535423192,0.5108115744279745,database,shuffled-dipeptide,2,8,200,71748,4586050,0.5
114.000,78,0.000,,false,0.8653012180630112,0.018010881503590537,0.4499970535423192,0.5108115744279745,database,shuffled-dipeptide,2,8,200,71748,4586050,0.5
114.500,77,0.000,,false,0.8653012180630112,0.018010881503590537,0.4499970535423192,0.5108115744279745,database,shuffled-dipeptide,2,8,200,71748,4586050,0.5
115.000,77,0.000,,false,0.8653012180630112,0.018010881503590537,0.4499970535423192,0.5108115744279745,database,shuffled-dipeptide,2,8,200,71748,4586050,0.5
115.500,77,0.000,,false,0.8653012180630112,0.018010881503590537,0.4499970535423192,0.5108115744279745,database,shuffled-dipeptide,2,8,200,71748,4586050,0.5
116.000,77,0.000,,false,0.8653012180630112,0.018010881503590537,0.4499970535423192,0.5108115744279745,database,shuffled-dipeptide,2,8,200,71748,4586050,0.5
116.500,77,0.000,,false,0.8653012180630112,0.018010881503590537,0.4499970535423192,0.5108115744279745,database,shuffled-dipeptide,2,8,200,71748,4586050,0.5
117.000,76,0.000,,false,0.8653012180630112,0.018010881503590537,0.4499970535423192,0.5108115744279745,database,shuffled-dipeptide,2,8,200,71748,4586050,0.5
117.500,76,0.000,,false,0.8653012180630112,0.018010881503590537,0.4499970535423192,0.5108115744279745,database,shuffled-dipeptide,2,8,200,71748,4586050,0.5
118.000,75,0.000,,false,0.8653012180630112,0.018010881503590537,0.4499970535423192,0.5108115744279745,database,shuffled-dipeptide,2,8,200,71748,4586050,0.5
118.500,74,0.000,,false,0.8653012180630112,0.018010881503590537,0.4499970535423192,0.5108115744279745,database,shuffled-dipeptide,2,8,200,71748,4586050,0.5
119.000,74,0.000,,false,0.8653012180630112,0.018010881503590537,0.4499970535423192,0.5108115744279745,database,shuffled-dipeptide,2,8,200,71748,4586050,0.5
119.500,73,0.000,,false,0.8653012180630112,0.018010881503590537,0.4499970535423192,0.5108115744279745,database,shuffled-dipeptide,2,8,200,71748,4586050,0.5
120.000,71,0.000,,false,0.8653012180630112,0.018010881503590537,0.4499970535423192,0.5108115744279745,database,shuffled-dipeptide,2,8,200,71748,4586050,0.5
120.500,71,0.000,,false,0.8653012180630112,0.018010881503590537,0.4499970535423192,0.5108115744279745,database,shuffled-dipeptide,2,8,200,71748,4586050,0.5
121.000,71,0.000,,false,0.8653012180630112,0.018010881503590537,0.4499970535423192,0.5108115744279745,database,shuffled-dipeptide,2,8,200,71748,4586050,0.5
121.500,70,0.000,,false,0.8653012180630112,0.018010881503590537,0.4499970535423192,0.5108115744279745,database,shuffled-dipeptide,2,8,200,71748,4586050,0.5
122.000,70,0.000,,false,0.8653012180630112,0.018010881503590537,0.4499970535423192,0.5108115744279745,database,shuffled-dipeptide,2,8,200,71748,4586050,0.5
122.500,69,0.000,,false,0.8653012180630112,0.018010881503590537,0.4499970535423192,0.5108115744279745,database,shuffled-dipeptide,2,8,200,71748,4586050,0.5
123.000,69,0.000,,false,0.8653012180630112,0.018010881503590537,0.4499970535423192,0.5108115744279745,database,shuffled-dipeptide,2,8,200,71748,4586050,0.5
123.500,69,0.000,,false,0.8653012180630112,0.018010881503590537,0.4499970535423192,0.5108115744279745,database,shuffled-dipeptide,2,8,200,71748,4586050,0.5
124.000,69,0.000,,false,0.8653012180630112,0.018010881503590537,0.4499970535423192,0.5108115744279745,database,shuffled-dipeptide,2,8,200,71748,4586050,0.5
124.500,69,0.000,,false,0.8653012180630112,0.018010881503590537,0.4499970535423192,0.5108115744279745,database,shuffled-dipeptide,2,8,200,71748,4586050,0.5
125.000,69,0.000,,false,0.8653012180630112,0.018010881503590537,0.4499970535423192,0.5108115744279745,database,shuffled-dipeptide,2,8,200,71748,4586050,0.5
125.500,69,0.000,,false,0.8653012180630112,0.018010881503590537,0.4499970535423192,0.5108115744279745,database,shuffled-dipeptide,2,8,200,71748,4586050,0.5
126.000,69,0.000,,false,0.8653012180630112,0.018010881503590537,0.4499970535423192,0.5108115744279745,database,shuffled-dipeptide,2,8,200,71748,4586050,0.5
126.500,67,0.000,,false,0.8653012180630112,0.018010881503590537,0.4499970535423192,0.5108115744279745,database,shuffled-dipeptide,2,8,200,71748,4586050,0.5
127.000,67,0.000,,false,0.8653012180630112,0.018010881503590537,0.4499970535423192,0.5108115744279745,database,shuffled-dipeptide,2,8,200,71748,4586050,0.5
127.500,67,0.000,,false,0.8653012180630112,0.018010881503590537,0.4499970535423192,0.5108115744279745,database,shuffled-dipeptide,2,8,200,71748,4586050,0.5
128.000,67,0.000,,false,0.8653012180630112,0.018010881503590537,0.4499970535423192,0.5108115744279745,database,shuffled-dipeptide,2,8,200,71748,4586050,0.5
128.500,65,0.000,,false,0.8653012180630112,0.018010881503590537,0.4499970535423192,0.5108115744279745,database,shuffled-dipeptide,2,8,200,71748,4586050,0.5
129.000,65,0.000,,false,0.8653012180630112,0.018010881503590537,0.4499970535423192,0.5108115744279745,database,shuffled-dipeptide,2,8,200,71748,4586050,0.5
129.500,65,0.000,,false,0.8653012180630112,0.018010881503590537,0.4499970535423192,0.5108115744279745,database,shuffled-dipeptide,2,8,200,71748,4586050,0.5
130.000,64,0.000,,false,0.8653012180630112,0.018010881503590537,0.4499970535423192,0.5108115744279745,database,shuffled-dipeptide,2,8,200,71748,4586050,0.5
130.500,64,0.000,,false,0.8653012180630112,0.018010881503590537,0.4499970535423192,0.5108115744279745,database,shuffled-dipeptide,2,8,200,71748,4586050,0.5
131.000,64,0.000,,false,0.8653012180630112,0.018010881503590537,0.4499970535423192,0.5108115744279745,database,shuffled-dipeptide,2,8,200,71748,4586050,0.5
131.500,64,0.000,,false,0.8653012180630112,0.018010881503590537,0.4499970535423192,0.5108115744279745,database,shuffled-dipeptide,2,8,200,71748,4586050,0.5
132.000,63,0.000,,false,0.8653012180630112,0.018010881503590537,0.4499970535423192,0.5108115744279745,database,shuffled-dipeptide,2,8,200,71748,4586050,0.5
132.500,62,0.000,,false,0.8653012180630112,0.018010881503590537,0.4499970535423192,0.5108115744279745,database,shuffled-dipeptide,2,8,200,71748,4586050,0.5
133.000,62,0.000,,false,0.8653012180630112,0.018010881503590537,0.4499970535423192,0.5108115744279745,database,shuffled-dipeptide,2,8,200,71748,4586050,0.5
133.500,61,0.000,,false,0.8653012180630112,0.018010881503590537,0.4499970535423192,0.5108115744279745,database,shuffled-dipeptide,2,8,200,71748,4586050,0.5
134.000,60,0.000,,false,0.8653012180630112,0.018010881503590537,0.4499970535423192,0.5108115744279745,database,shuffled-dipeptide,2,8,200,71748,4586050,0.5
134.500,60,0.000,,false,0.8653012180630112,0.018010881503590537,0.4499970535423192,0.5108115744279745,database,shuffled-dipeptide,2,8,200,71748,4586050,0.5
135.000,58,0.000,,false,0.8653012180630112,0.018010881503590537,0.4499970535423192,0.5108115744279745,database,shuffled-dipeptide,2,8,200,71748,4586050,0.5
135.500,58,0.000,,false,0.8653012180630112,0.018010881503590537,0.4499970535423192,0.5108115744279745,database,shuffled-dipeptide,2,8,200,71748,4586050,0.5
136.000,58,0.000,,false,0.8653012180630112,0.018010881503590537,0.4499970535423192,0.5108115744279745,database,shuffled-dipeptide,2,8,200,71748,4586050,0.5
136.500,58,0.000,,false,0.8653012180630112,0.018010881503590537,0.4499970535423192,0.5108115744279745,database,shuffled-dipeptide,2,8,200,71748,4586050,0.5
137.000,57,0.000,,false,0.8653012180630112,0.018010881503590537,0.4499970535423192,0.5108115744279745,database,shuffled-dipeptide,2,8,200,71748,4586050,0.5
137.500,56,0.000,,false,0.8653012180630112,0.018010881503590537,0.4499970535423192,0.5108115744279745,database,shuffled-dipeptide,2,8,200,71748,4586050,0.5
138.000,56,0.000,,false,0.8653012180630112,0.018010881503590537,0.4499970535423192,0.5108115744279745,database,shuffled-dipeptide,2,8,200,71748,4586050,0.5
138.500,55,0.000,,false,0.8653012180630112,0.018010881503590537,0.4499970535423192,0.5108115744279745,database,shuffled-dipeptide,2,8,200,71748,4586050,0.5
139.000,54,0.000,,false,0.8653012180630112,0.018010881503590537,0.4499970535423192,0.5108115744279745,database,shuffled-dipeptide,2,8,200,71748,4586050,0.5
139.500,54,0.000,,false,0.8653012180630112,0.018010881503590537,0.4499970535423192,0.5108115744279745,database,shuffled-dipeptide,2,8,200,71748,4586050,0.5
140.000,54,0.000,,false,0.8653012180630112,0.018010881503590537,0.4499970535423192,0.5108115744279745,database,shuffled-dipeptide,2,8,200,71748,4586050,0.5
140.500,54,0.000,,false,0.8653012180630112,0.018010881503590537,0.4499970535423192,0.5108115744279745,database,shuffled-dipeptide,2,8,200,71748,4586050,0.5
141.000,53,0.000,,false,0.8653012180630112,0.018010881503590537,0.4499970535423192,0.5108115744279745,database,shuffled-dipeptide,2,8,200,71748,4586050,0.5
141.500,50,0.000,,false,0.8653012180630112,0.018010881503590537,0.4499970535423192,0.5108115744279745,database,shuffled-dipeptide,2,8,200,71748,4586050,0.5
142.000,49,0.000,,false,0.8653012180630112,0.018010881503590537,0.4499970535423192,0.5108115744279745,database,shuffled-dipeptide,2,8,200,71748,4586050,0.5
142.500,48,0.000,,false,0.8653012180630112,0.018010881503590537,0.4499970535423192,0.5108115744279745,database,shuffled-dipeptide,2,8,200,71748,4586050,0.5
143.000,48,0.000,,false,0.8653012180630112,0.018010881503590537,0.4499970535423192,0.5108115744279745,database,shuffled-dipeptide,2,8,200,71748,4586050,0.5
143.500,48,0.000,,false,0.8653012180630112,0.018010881503590537,0.4499970535423192,0.5108115744279745,database,shuffled-dipeptide,2,8,200,71748,4586050,0.5
144.000,48,0.000,,false,0.8653012180630112,0.018010881503590537,0.4499970535423192,0.5108115744279745,database,shuffled-dipeptide,2,8,200,71748,4586050,0.5
144.500,47,0.000,,false,0.8653012180630112,0.018010881503590537,0.4499970535423192,0.5108115744279745,database,shuffled-dipeptide,2,8,200,71748,4586050,0.5
145.000,46,0.000,,false,0.8653012180630112,0.018010881503590537,0.4499970535423192,0.5108115744279745,database,shuffled-dipeptide,2,8,200,71748,4586050,0.5
145.500,45,0.000,,false,0.8653012180630112,0.018010881503590537,0.4499970535423192,0.5108115744279745,database,shuffled-dipeptide,2,8,200,71748,4586050,0.5
146.000,45,0.000,,false,0.8653012180630112,0.018010881503590537,0.4499970535423192,0.5108115744279745,database,shuffled-dipeptide,2,8,200,71748,4586050,0.5
146.500,45,0.000,,false,0.8653012180630112,0.018010881503590537,0.4499970535423192,0.5108115744279745,database,shuffled-dipeptide,2,8,200,71748,4586050,0.5
147.000,42,0.000,,false,0.8653012180630112,0.018010881503590537,0.4499970535423192,0.5108115744279745,database,shuffled-dipeptide,2,8,200,71748,4586050,0.5
147.500,41,0.000,,false,0.8653012180630112,0.018010881503590537,0.4499970535423192,0.5108115744279745,database,shuffled-dipeptide,2,8,200,71748,4586050,0.5
148.000,40,0.000,,false,0.8653012180630112,0.018010881503590537,0.4499970535423192,0.5108115744279745,database,shuffled-dipeptide,2,8,200,71748,4586050,0.5
148.500,40,0.000,,false,0.8653012180630112,0.018010881503590537,0.4499970535423192,0.5108115744279745,database,shuffled-dipeptide,2,8,200,71748,4586050,0.5
149.000,38,0.000,,false,0.8653012180630112,0.018010881503590537,0.4499970535423192,0.5108115744279745,database,shuffled-dipeptide,2,8,200,71748,4586050,0.5
149.500,38,0.000,,false,0.8653012180630112,0.018010881503590537,0.4499970535423192,0.5108115744279745,database,shuffled-dipeptide,2,8,200,71748,4586050,0.5
150.000,37,0.000,,false,0.8653012180630112,0.018010881503590537,0.4499970535423192,0.5108115744279745,database,shuffled-dipeptide,2,8,200,71748,4586050,0.5
150.500,37,0.000,,false,0.8653012180630112,0.018010881503590537,0.4499970535423192,0.5108115744279745,database,shuffled-dipeptide,2,8,200,71748,4586050,0.5
151.000,37,0.000,,false,0.8653012180630112,0.018010881503590537,0.4499970535423192,0.5108115744279745,database,shuffled-dipeptide,2,8,200,71748,4586050,0.5
151.500,37,0.000,,false,0.8653012180630112,0.018010881503590537,0.4499970535423192,0.5108115744279745,database,shuffled-dipeptide,2,8,200,71748,4586050,0.5
152.000,36,0.000,,false,0.8653012180630112,0.018010881503590537,0.4499970535423192,0.5108115744279745,database,shuffled-dipeptide,2,8,200,71748,4586050,0.5
152.500,35,0.000,,false,0.8653012180630112,0.018010881503590537,0.4499970535423192,0.5108115744279745,database,shuffled-dipeptide,2,8,200,71748,4586050,0.5
153.000,35,0.000,,false,0.8653012180630112,0.018010881503590537,0.4499970535423192,0.5108115744279745,database,shuffled-dipeptide,2,8,200,71748,4586050,0.5
153.500,34,0.000,,false,0.8653012180630112,0.018010881503590537,0.4499970535423192,0.5108115744279745,database,shuffled-dipeptide,2,8,200,71748,4586050,0.5
154.000,34,0.000,,false,0.8653012180630112,0.018010881503590537,0.4499970535423192,0.5108115744279745,database,shuffled-dipeptide,2,8,200,71748,4586050,0.5
154.500,34,0.000,,false,0.8653012180630112,0.018010881503590537,0.4499970535423192,0.5108115744279745,database,shuffled-dipeptide,2,8,200,71748,4586050,0.5
155.000,34,0.000,,false,0.8653012180630112,0.018010881503590537,0.4499970535423192,0.5108115744279745,database,shuffled-dipeptide,2,8,200,71748,4586050,0.5
155.500,34,0.000,,false,0.8653012180630112,0.018010881503590537,0.4499970535423192,0.5108115744279745,database,shuffled-dipeptide,2,8,200,71748,4586050,0.5
156.000,34,0.000,,false,0.8653012180630112,0.018010881503590537,0.4499970535423192,0.5108115744279745,database,shuffled-dipeptide,2,8,200,71748,4586050,0.5
156.500,33,0.000,,false,0.8653012180630112,0.018010881503590537,0.4499970535423192,0.5108115744279745,database,shuffled-dipeptide,2,8,200,71748,4586050,0.5
157.000,33,0.000,,false,0.8653012180630112,0.018010881503590537,0.4499970535423192,0.5108115744279745,database,shuffled-dipeptide,2,8,200,71748,4586050,0.5
157.500,33,0.000,,false,0.8653012180630112,0.018010881503590537,0.4499970535423192,0.5108115744279745,database,shuffled-dipeptide,2,8,200,71748,4586050,0.5
158.000,33,0.000,,false,0.8653012180630112,0.018010881503590537,0.4499970535423192,0.5108115744279745,database,shuffled-dipeptide,2,8,200,71748,4586050,0.5
158.500,33,0.000,,false,0.8653012180630112,0.018010881503590537,0.4499970535423192,0.5108115744279745,database,shuffled-dipeptide,2,8,200,71748,4586050,0.5
159.000,33,0.000,,false,0.8653012180630112,0.018010881503590537,0.4499970535423192,0.5108115744279745,database,shuffled-dipeptide,2,8,200,71748,4586050,0.5
159.500,33,0.000,,false,0.8653012180630112,0.018010881503590537,0.4499970535423192,0.5108115744279745,database,shuffled-dipeptide,2,8,200,71748,4586050,0.5
160.000,32,0.000,,false,0.8653012180630112,0.018010881503590537,0.4499970535423192,0.5108115744279745,database,shuffled-dipeptide,2,8,200,71748,4586050,0.5
160.500,31,0.000,,false,0.8653012180630112,0.018010881503590537,0.4499970535423192,0.5108115744279745,database,shuffled-dipeptide,2,8,200,71748,4586050,0.5
161.000,31,0.000,,false,0.8653012180630112,0.018010881503590537,0.4499970535423192,0.5108115744279745,database,shuffled-dipeptide,2,8,200,71748,4586050,0.5
161.500,30,0.000,,false,0.8653012180630112,0.018010881503590537,0.4499970535423192,0.5108115744279745,database,shuffled-dipeptide,2,8,200,71748,4586050,0.5
162.000,30,0.000,,false,0.8653012180630112,0.018010881503590537,0.4499970535423192,0.5108115744279745,database,shuffled-dipeptide,2,8,200,71748,4586050,0.5
162.500,29,0.000,,false,0.8653012180630112,0.018010881503590537,0.4499970535423192,0.5108115744279745,database,shuffled-dipeptide,2,8,200,71748,4586050,0.5
163.000,29,0.000,,false,0.8653012180630112,0.018010881503590537,0.4499970535423192,0.5108115744279745,database,shuffled-dipeptide,2,8,200,71748,4586050,0.5
163.500,29,0.000,,false,0.8653012180630112,0.018010881503590537,0.4499970535423192,0.5108115744279745,database,shuffled-dipeptide,2,8,200,71748,4586050,0.5
164.000,29,0.000,,false,0.8653012180630112,0.018010881503590537,0.4499970535423192,0.5108115744279745,database,shuffled-dipeptide,2,8,200,71748,4586050,0.5
164.500,28,0.000,,false,0.8653012180630112,0.018010881503590537,0.4499970535423192,0.5108115744279745,database,shuffled-dipeptide,2,8,200,71748,4586050,0.5
165.000,28,0.000,,false,0.8653012180630112,0.018010881503590537,0.4499970535423192,0.5108115744279745,database,shuffled-dipeptide,2,8,200,71748,4586050,0.5
165.500,28,0.000,,false,0.8653012180630112,0.018010881503590537,0.4499970535423192,0.5108115744279745,database,shuffled-dipeptide,2,8,200,71748,4586050,0.5
166.000,28,0.000,,false,0.8653012180630112,0.018010881503590537,0.4499970535423192,0.5108115744279745,database,shuffled-dipeptide,2,8,200,71748,4586050,0.5
166.500,28,0.000,,false,0.8653012180630112,0.018010881503590537,0.4499970535423192,0.5108115744279745,database,shuffled-dipeptide,2,8,200,71748,4586050,0.5
167.000,28,0.000,,false,0.8653012180630112,0.018010881503590537,0.4499970535423192,0.5108115744279745,database,shuffled-dipeptide,2,8,200,71748,4586050,0.5
167.500,28,0.000,,false,0.8653012180630112,0.018010881503590537,0.4499970535423192,0.5108115744279745,database,shuffled-dipeptide,2,8,200,71748,4586050,0.5
168.000,28,0.000,,false,0.8653012180630112,0.018010881503590537,0.4499970535423192,0.5108115744279745,database,shuffled-dipeptide,2,8,200,71748,4586050,0.5
168.500,28,0.000,,false,0.8653012180630112,0.018010881503590537,0.4499970535423192,0.5108115744279745,database,shuffled-dipeptide,2,8,200,71748,4586050,0.5
169.000,28,0.000,,false,0.8653012180630112,0.018010881503590537,0.4499970535423192,0.5108115744279745,database,shuffled-dipeptide,2,8,200,71748,4586050,0.5
169.500,28,0.000,,false,0.8653012180630112,0.018010881503590537,0.4499970535423192,0.5108115744279745,database,shuffled-dipeptide,2,8,200,71748,4586050,0.5
170.000,28,0.000,,false,0.8653012180630112,0.018010881503590537,0.4499970535423192,0.5108115744279745,database,shuffled-dipeptide,2,8,200,71748,4586050,0.5
170.500,28,0.000,,false,0.8653012180630112,0.018010881503590537,0.4499970535423192,0.5108115744279745,database,shuffled-dipeptide,2,8,200,71748,4586050,0.5
171.000,28,0.000,,false,0.8653012180630112,0.018010881503590537,0.4499970535423192,0.5108115744279745,database,shuffled-dipeptide,2,8,200,71748,4586050,0.5
171.500,28,0.000,,false,0.8653012180630112,0.018010881503590537,0.4499970535423192,0.5108115744279745,database,shuffled-dipeptide,2,8,200,71748,4586050,0.5
172.000,28,0.000,,false,0.8653012180630112,0.018010881503590537,0.4499970535423192,0.5108115744279745,database,shuffled-dipeptide,2,8,200,71748,4586050,0.5
172.500,26,0.000,,false,0.8653012180630112,0.018010881503590537,0.4499970535423192,0.5108115744279745,database,shuffled-dipeptide,2,8,200,71748,4586050,0.5
173.000,26,0.000,,false,0.8653012180630112,0.018010881503590537,0.4499970535423192,0.5108115744279745,database,shuffled-dipeptide,2,8,200,71748,4586050,0.5
173.500,26,0.000,,false,0.8653012180630112,0.018010881503590537,0.4499970535423192,0.5108115744279745,database,shuffled-dipeptide,2,8,200,71748,4586050,0.5
174.000,26,0.000,,false,0.8653012180630112,0.018010881503590537,0.4499970535423192,0.5108115744279745,database,shuffled-dipeptide,2,8,200,71748,4586050,0.5
174.500,26,0.000,,false,0.8653012180630112,0.018010881503590537,0.4499970535423192,0.5108115744279745,database,shuffled-dipeptide,2,8,200,71748,4586050,0.5
175.000,25,0.000,,false,0.8653012180630112,0.018010881503590537,0.4499970535423192,0.5108115744279745,database,shuffled-dipeptide,2,8,200,71748,4586050,0.5
175.500,25,0.000,,false,0.8653012180630112,0.018010881503590537,0.4499970535423192,0.5108115744279745,database,shuffled-dipeptide,2,8,200,71748,4586050,0.5
176.000,25,0.000,,false,0.8653012180630112,0.018010881503590537,0.4499970535423192,0.5108115744279745,database,shuffled-dipeptide,2,8,200,71748,4586050,0.5
176.500,25,0.000,,false,0.8653012180630112,0.018010881503590537,0.4499970535423192,0.5108115744279745,database,shuffled-dipeptide,2,8,200,71748,4586050,0.5
177.000,24,0.000,,false,0.8653012180630112,0.018010881503590537,0.4499970535423192,0.5108115744279745,database,shuffled-dipeptide,2,8,200,71748,4586050,0.5
177.500,24,0.000,,false,0.8653012180630112,0.018010881503590537,0.4499970535423192,0.5108115744279745,database,shuffled-dipeptide,2,8,200,71748,4586050,0.5
178.000,24,0.000,,false,0.8653012180630112,0.018010881503590537,0.4499970535423192,0.5108115744279745,database,shuffled-dipeptide,2,8,200,71748,4586050,0.5
178.500,24,0.000,,false,0.8653012180630112,0.018010881503590537,0.4499970535423192,0.5108115744279745,database,shuffled-dipeptide,2,8,200,71748,4586050,0.5
179.000,24,0.000,,false,0.8653012180630112,0.018010881503590537,0.4499970535423192,0.5108115744279745,database,shuffled-dipeptide,2,8,200,71748,4586050,0.5
179.500,24,0.000,,false,0.8653012180630112,0.018010881503590537,0.4499970535423192,0.5108115744279745,database,shuffled-dipeptide,2,8,200,71748,4586050,0.5
180.000,24,0.000,,false,0.8653012180630112,0.018010881503590537,0.4499970535423192,0.5108115744279745,database,shuffled-dipeptide,2,8,200,71748,4586050,0.5
180.500,24,0.000,,false,0.8653012180630112,0.018010881503590537,0.4499970535423192,0.5108115744279745,database,shuffled-dipeptide,2,8,200,71748,4586050,0.5
181.000,24,0.000,,false,0.8653012180630112,0.018010881503590537,0.4499970535423192,0.5108115744279745,database,shuffled-dipeptide,2,8,200,71748,4586050,0.5
181.500,23,0.000,,false,0.8653012180630112,0.018010881503590537,0.4499970535423192,0.5108115744279745,database,shuffled-dipeptide,2,8,200,71748,4586050,0.5
182.000,23,0.000,,false,0.8653012180630112,0.018010881503590537,0.4499970535423192,0.5108115744279745,database,shuffled-dipeptide,2,8,200,71748,4586050,0.5
182.500,23,0.000,,false,0.8653012180630112,0.018010881503590537,0.4499970535423192,0.5108115744279745,database,shuffled-dipeptide,2,8,200,71748,4586050,0.5
183.000,23,0.000,,false,0.8653012180630112,0.018010881503590537,0.4499970535423192,0.5108115744279745,database,shuffled-dipeptide,2,8,200,71748,4586050,0.5
183.500,23,0.000,,false,0.8653012180630112,0.018010881503590537,0.4499970535423192,0.5108115744279745,database,shuffled-dipeptide,2,8,200,71748,4586050,0.5
184.000,23,0.000,,false,0.8653012180630112,0.018010881503590537,0.4499970535423192,0.5108115744279745,database,shuffled-dipeptide,2,8,200,71748,4586050,0.5
184.500,23,0.000,,false,0.8653012180630112,0.018010881503590537,0.4499970535423192,0.5108115744279745,database,shuffled-dipeptide,2,8,200,71748,4586050,0.5
185.000,23,0.000,,false,0.8653012180630112,0.018010881503590537,0.4499970535423192,0.5108115744279745,database,shuffled-dipeptide,2,8,200,71748,4586050,0.5
185.500,23,0.000,,false,0.8653012180630112,0.018010881503590537,0.4499970535423192,0.5108115744279745,database,shuffled-dipeptide,2,8,200,71748,4586050,0.5
186.000,23,0.000,,false,0.8653012180630112,0.018010881503590537,0.4499970535423192,0.5108115744279745,database,shuffled-dipeptide,2,8,200,71748,4586050,0.5
186.500,23,0.000,,false,0.8653012180630112,0.018010881503590537,0.4499970535423192,0.5108115744279745,database,shuffled-dipeptide,2,8,200,71748,4586050,0.5
187.000,23,0.000,,false,0.8653012180630112,0.018010881503590537,0.4499970535423192,0.5108115744279745,database,shuffled-dipeptide,2,8,200,71748,4586050,0.5
187.500,22,0.000,,false,0.8653012180630112,0.018010881503590537,0.4499970535423192,0.5108115744279745,database,shuffled-dipeptide,2,8,200,71748,4586050,0.5
188.000,21,0.000,,false,0.8653012180630112,0.018010881503590537,0.4499970535423192,0.5108115744279745,database,shuffled-dipeptide,2,8,200,71748,4586050,0.5
188.500,20,0.000,,false,0.8653012180630112,0.018010881503590537,0.4499970535423192,0.5108115744279745,database,shuffled-dipeptide,2,8,200,71748,4586050,0.5
189.000,20,0.000,,false,0.8653012180630112,0.018010881503590537,0.4499970535423192,0.5108115744279745,database,shuffled-dipeptide,2,8,200,71748,4586050,0.5
189.500,19,0.000,,false,0.8653012180630112,0.018010881503590537,0.4499970535423192,0.5108115744279745,database,shuffled-dipeptide,2,8,200,71748,4586050,0.5
190.000,19,0.000,,false,0.8653012180630112,0.018010881503590537,0.4499970535423192,0.5108115744279745,database,shuffled-dipeptide,2,8,200,71748,4586050,0.5
190.500,19,0.000,,false,0.8653012180630112,0.018010881503590537,0.4499970535423192,0.5108115744279745,database,shuffled-dipeptide,2,8,200,71748,4586050,0.5
191.000,19,0.000,,false,0.8653012180630112,0.018010881503590537,0.4499970535423192,0.5108115744279745,database,shuffled-dipeptide,2,8,200,71748,4586050,0.5
191.500,19,0.000,,false,0.8653012180630112,0.018010881503590537,0.4499970535423192,0.5108115744279745,database,shuffled-dipeptide,2,8,200,71748,4586050,0.5
192.000,19,0.000,,false,0.8653012180630112,0.018010881503590537,0.4499970535423192,0.5108115744279745,database,shuffled-dipeptide,2,8,200,71748,4586050,0.5
192.500,19,0.000,,false,0.8653012180630112,0.018010881503590537,0.4499970535423192,0.5108115744279745,database,shuffled-dipeptide,2,8,200,71748,4586050,0.5
193.000,19,0.000,,false,0.8653012180630112,0.018010881503590537,0.4499970535423192,0.5108115744279745,database,shuffled-dipeptide,2,8,200,71748,4586050,0.5
193.500,19,0.000,,false,0.8653012180630112,0.018010881503590537,0.4499970535423192,0.5108115744279745,database,shuffled-dipeptide,2,8,200,71748,4586050,0.5
194.000,18,0.000,,false,0.8653012180630112,0.018010881503590537,0.4499970535423192,0.5108115744279745,database,shuffled-dipeptide,2,8,200,71748,4586050,0.5
194.500,18,0.000,,false,0.8653012180630112,0.018010881503590537,0.4499970535423192,0.5108115744279745,database,shuffled-dipeptide,2,8,200,71748,4586050,0.5
195.000,18,0.000,,false,0.8653012180630112,0.018010881503590537,0.4499970535423192,0.5108115744279745,database,shuffled-dipeptide,2,8,200,71748,4586050,0.5
195.500,18,0.000,,false,0.8653012180630112,0.018010881503590537,0.4499970535423192,0.5108115744279745,database,shuffled-dipeptide,2,8,200,71748,4586050,0.5
196.000,17,0.000,,false,0.8653012180630112,0.018010881503590537,0.4499970535423192,0.5108115744279745,database,shuffled-dipeptide,2,8,200,71748,4586050,0.5
196.500,17,0.000,,false,0.8653012180630112,0.018010881503590537,0.4499970535423192,0.5108115744279745,database,shuffled-dipeptide,2,8,200,71748,4586050,0.5
197.000,17,0.000,,false,0.8653012180630112,0.018010881503590537,0.4499970535423192,0.5108115744279745,database,shuffled-dipeptide,2,8,200,71748,4586050,0.5
197.500,17,0.000,,false,0.8653012180630112,0.018010881503590537,0.4499970535423192,0.5108115744279745,database,shuffled-dipeptide,2,8,200,71748,4586050,0.5
198.000,16,0.000,,false,0.8653012180630112,0.018010881503590537,0.4499970535423192,0.5108115744279745,database,shuffled-dipeptide,2,8,200,71748,4586050,0.5
198.500,14,0.000,,false,0.8653012180630112,0.018010881503590537,0.4499970535423192,0.5108115744279745,database,shuffled-dipeptide,2,8,200,71748,4586050,0.5
199.000,14,0.000,,false,0.8653012180630112,0.018010881503590537,0.4499970535423192,0.5108115744279745,database,shuffled-dipeptide,2,8,200,71748,4586050,0.5
199.500,14,0.000,,false,0.8653012180630112,0.018010881503590537,0.4499970535423192,0.5108115744279745,database,shuffled-dipeptide,2,8,200,71748,4586050,0.5
200.000,14,0.000,,false,0.8653012180630112,0.018010881503590537,0.4499970535423192,0.5108115744279745,database,shuffled-dipeptide,2,8,200,71748,4586050,0.5
200.500,14,0.000,,false,0.8653012180630112,0.018010881503590537,0.4499970535423192,0.5108115744279745,database,shuffled-dipeptide,2,8,200,71748,4586050,0.5
201.000,13,0.000,,false,0.8653012180630112,0.018010881503590537,0.4499970535423192,0.5108115744279745,database,shuffled-dipeptide,2,8,200,71748,4586050,0.5
201.500,13,0.000,,false,0.8653012180630112,0.018010881503590537,0.4499970535423192,0.5108115744279745,database,shuffled-dipeptide,2,8,200,71748,4586050,0.5
202.000,13,0.000,,false,0.8653012180630112,0.018010881503590537,0.4499970535423192,0.5108115744279745,database,shuffled-dipeptide,2,8,200,71748,4586050,0.5
202.500,13,0.000,,false,0.8653012180630112,0.018010881503590537,0.4499970535423192,0.5108115744279745,database,shuffled-dipeptide,2,8,200,71748,4586050,0.5
203.000,13,0.000,,false,0.8653012180630112,0.018010881503590537,0.4499970535423192,0.5108115744279745,database,shuffled-dipeptide,2,8,200,71748,4586050,0.5
203.500,12,0.000,,false,0.8653012180630112,0.018010881503590537,0.4499970535423192,0.5108115744279745,database,shuffled-dipeptide,2,8,200,71748,4586050,0.5
204.000,11,0.000,,false,0.8653012180630112,0.018010881503590537,0.4499970535423192,0.5108115744279745,database,shuffled-dipeptide,2,8,200,71748,4586050,0.5
204.500,11,0.000,,false,0.8653012180630112,0.018010881503590537,0.4499970535423192,0.5108115744279745,database,shuffled-dipeptide,2,8,200,71748,4586050,0.5
205.000,11,0.000,,false,0.8653012180630112,0.018010881503590537,0.4499970535423192,0.5108115744279745,database,shuffled-dipeptide,2,8,200,71748,4586050,0.5
205.500,10,0.000,,false,0.8653012180630112,0.018010881503590537,0.4499970535423192,0.5108115744279745,database,shuffled-dipeptide,2,8,200,71748,4586050,0.5
206.000,10,0.000,,false,0.8653012180630112,0.018010881503590537,0.4499970535423192,0.5108115744279745,database,shuffled-dipeptide,2,8,200,71748,4586050,0.5
206.500,9,0.000,,false,0.8653012180630112,0.018010881503590537,0.4499970535423192,0.5108115744279745,database,shuffled-dipeptide,2,8,200,71748,4586050,0.5
207.000,9,0.000,,false,0.8653012180630112,0.018010881503590537,0.4499970535423192,0.5108115744279745,database,shuffled-dipeptide,2,8,200,71748,4586050,0.5
207.500,9,0.000,,false,0.8653012180630112,0.018010881503590537,0.4499970535423192,0.5108115744279745,database,shuffled-dipeptide,2,8,200,71748,4586050,0.5
208.000,9,0.000,,false,0.8653012180630112,0.018010881503590537,0.4499970535423192,0.5108115744279745,database,shuffled-dipeptide,2,8,200,71748,4586050,0.5
208.500,8,0.000,,false,0.8653012180630112,0.018010881503590537,0.4499970535423192,0.5108115744279745,database,shuffled-dipeptide,2,8,200,71748,4586050,0.5
209.000,8,0.000,,false,0.8653012180630112,0.018010881503590537,0.4499970535423192,0.5108115744279745,database,shuffled-dipeptide,2,8,200,71748,4586050,0.5
209.500,8,0.000,,false,0.8653012180630112,0.018010881503590537,0.4499970535423192,0.5108115744279745,database,shuffled-dipeptide,2,8,200,71748,4586050,0.5
210.000,8,0.000,,false,0.8653012180630112,0.018010881503590537,0.4499970535423192,0.5108115744279745,database,shuffled-dipeptide,2,8,200,71748,4586050,0.5
210.500,8,0.000,,false,0.8653012180630112,0.018010881503590537,0.4499970535423192,0.5108115744279745,database,shuffled-dipeptide,2,8,200,71748,4586050,0.5
211.000,8,0.000,,false,0.8653012180630112,0.018010881503590537,0.4499970535423192,0.5108115744279745,database,shuffled-dipeptide,2,8,200,71748,4586050,0.5
211.500,8,0.000,,false,0.8653012180630112,0.018010881503590537,0.4499970535423192,0.5108115744279745,database,shuffled-dipeptide,2,8,200,71748,4586050,0.5
212.000,8,0.000,,false,0.8653012180630112,0.018010881503590537,0.4499970535423192,0.5108115744279745,database,shuffled-dipeptide,2,8,200,71748,4586050,0.5
212.500,8,0.000,,false,0.8653012180630112,0.018010881503590537,0.4499970535423192,0.5108115744279745,database,shuffled-dipeptide,2,8,200,71748,4586050,0.5
213.000,8,0.000,,false,0.8653012180630112,0.018010881503590537,0.4499970535423192,0.5108115744279745,database,shuffled-dipeptide,2,8,200,71748,4586050,0.5
213.500,8,0.000,,false,0.8653012180630112,0.018010881503590537,0.4499970535423192,0.5108115744279745,database,shuffled-dipeptide,2,8,200,71748,4586050,0.5
214.000,8,0.000,,false,0.8653012180630112,0.018010881503590537,0.4499970535423192,0.5108115744279745,database,shuffled-dipeptide,2,8,200,71748,4586050,0.5
214.500,8,0.000,,false,0.8653012180630112,0.018010881503590537,0.4499970535423192,0.5108115744279745,database,shuffled-dipeptide,2,8,200,71748,4586050,0.5
215.000,8,0.000,,false,0.8653012180630112,0.018010881503590537,0.4499970535423192,0.5108115744279745,database,shuffled-dipeptide,2,8,200,71748,4586050,0.5
215.500,8,0.000,,false,0.8653012180630112,0.018010881503590537,0.4499970535423192,0.5108115744279745,database,shuffled-dipeptide,2,8,200,71748,4586050,0.5
216.000,8,0.000,,false,0.8653012180630112,0.018010881503590537,0.4499970535423192,0.5108115744279745,database,shuffled-dipeptide,2,8,200,71748,4586050,0.5
216.500,8,0.000,,false,0.8653012180630112,0.018010881503590537,0.4499970535423192,0.5108115744279745,database,shuffled-dipeptide,2,8,200,71748,4586050,0.5
217.000,8,0.000,,false,0.8653012180630112,0.018010881503590537,0.4499970535423192,0.5108115744279745,database,shuffled-dipeptide,2,8,200,71748,4586050,0.5
217.500,8,0.000,,false,0.8653012180630112,0.018010881503590537,0.4499970535423192,0.5108115744279745,database,shuffled-dipeptide,2,8,200,71748,4586050,0.5
218.000,8,0.000,,false,0.8653012180630112,0.018010881503590537,0.4499970535423192,0.5108115744279745,database,shuffled-dipeptide,2,8,200,71748,4586050,0.5
218.500,8,0.000,,false,0.8653012180630112,0.018010881503590537,0.4499970535423192,0.5108115744279745,database,shuffled-dipeptide,2,8,200,71748,4586050,0.5
219.000,8,0.000,,false,0.8653012180630112,0.018010881503590537,0.4499970535423192,0.5108115744279745,database,shuffled-dipeptide,2,8,200,71748,4586050,0.5
219.500,8,0.000,,false,0.8653012180630112,0.018010881503590537,0.4499970535423192,0.5108115744279745,database,shuffled-dipeptide,2,8,200,71748,4586050,0.5
220.000,8,0.000,,false,0.8653012180630112,0.018010881503590537,0.4499970535423192,0.5108115744279745,database,shuffled-dipeptide,2,8,200,71748,4586050,0.5
220.500,8,0.000,,false,0.8653012180630112,0.018010881503590537,0.4499970535423192,0.5108115744279745,database,shuffled-dipeptide,2,8,200,71748,4586050,0.5
221.000,8,0.000,,false,0.8653012180630112,0.018010881503590537,0.4499970535423192,0.5108115744279745,database,shuffled-dipeptide,2,8,200,71748,4586050,0.5
221.500,8,0.000,,false,0.8653012180630112,0.018010881503590537,0.4499970535423192,0.5108115744279745,database,shuffled-dipeptide,2,8,200,71748,4586050,0.5
222.000,8,0.000,,false,0.8653012180630112,0.018010881503590537,0.4499970535423192,0.5108115744279745,database,shuffled-dipeptide,2,8,200,71748,4586050,0.5
222.500,8,0.000,,false,0.8653012180630112,0.018010881503590537,0.4499970535423192,0.5108115744279745,database,shuffled-dipeptide,2,8,200,71748,4586050,0.5
223.000,8,0.000,,false,0.8653012180630112,0.018010881503590537,0.4499970535423192,0.5108115744279745,database,shuffled-dipeptide,2,8,200,71748,4586050,0.5
223.500,7,0.000,,false,0.8653012180630112,0.018010881503590537,0.4499970535423192,0.5108115744279745,database,shuffled-dipeptide,2,8,200,71748,4586050,0.5
224.000,7,0.000,,false,0.8653012180630112,0.018010881503590537,0.4499970535423192,0.5108115744279745,database,shuffled-dipeptide,2,8,200,71748,4586050,0.5
224.500,7,0.000,,false,0.8653012180630112,0.018010881503590537,0.4499970535423192,0.5108115744279745,database,shuffled-dipeptide,2,8,200,71748,4586050,0.5
225.000,7,0.000,,false,0.8653012180630112,0.018010881503590537,0.4499970535423192,0.5108115744279745,database,shuffled-dipeptide,2,8,200,71748,4586050,0.5
225.500,7,0.000,,false,0.8653012180630112,0.018010881503590537,0.4499970535423192,0.5108115744279745,database,shuffled-dipeptide,2,8,200,71748,4586050,0.5
226.000,7,0.000,,false,0.8653012180630112,0.018010881503590537,0.4499970535423192,0.5108115744279745,database,shuffled-dipeptide,2,8,200,71748,4586050,0.5
226.500,7,0.000,,false,0.8653012180630112,0.018010881503590537,0.4499970535423192,0.5108115744279745,database,shuffled-dipeptide,2,8,200,71748,4586050,0.5
227.000,7,0.000,,false,0.8653012180630112,0.018010881503590537,0.4499970535423192,0.5108115744279745,database,shuffled-dipeptide,2,8,200,71748,4586050,0.5
227.500,7,0.000,,false,0.8653012180630112,0.018010881503590537,0.4499970535423192,0.5108115744279745,database,shuffled-dipeptide,2,8,200,71748,4586050,0.5
228.000,7,0.000,,false,0.8653012180630112,0.018010881503590537,0.4499970535423192,0.5108115744279745,database,shuffled-dipeptide,2,8,200,71748,4586050,0.5
228.500,7,0.000,,false,0.8653012180630112,0.018010881503590537,0.4499970535423192,0.5108115744279745,database,shuffled-dipeptide,2,8,200,71748,4586050,0.5
229.000,6,0.000,,false,0.8653012180630112,0.018010881503590537,0.4499970535423192,0.5108115744279745,database,shuffled-dipeptide,2,8,200,71748,4586050,0.5
229.500,6,0.000,,false,0.8653012180630112,0.018010881503590537,0.4499970535423192,0.5108115744279745,database,shuffled-dipeptide,2,8,200,71748,4586050,0.5
230.000,6,0.000,,false,0.8653012180630112,0.018010881503590537,0.4499970535423192,0.5108115744279745,database,shuffled-dipeptide,2,8,200,71748,4586050,0.5
230.500,6,0.000,,false,0.8653012180630112,0.018010881503590537,0.4499970535423192,0.5108115744279745,database,shuffled-dipeptide,2,8,200,71748,4586050,0.5
231.000,6,0.000,,false,0.8653012180630112,0.018010881503590537,0.4499970535423192,0.5108115744279745,database,shuffled-dipeptide,2,8,200,71748,4586050,0.5
231.500,6,0.000,,false,0.8653012180630112,0.018010881503590537,0.4499970535423192,0.5108115744279745,database,shuffled-dipeptide,2,8,200,71748,4586050,0.5
232.000,6,0.000,,false,0.8653012180630112,0.018010881503590537,0.4499970535423192,0.5108115744279745,database,shuffled-dipeptide,2,8,200,71748,4586050,0.5
232.500,6,0.000,,false,0.8653012180630112,0.018010881503590537,0.4499970535423192,0.5108115744279745,database,shuffled-dipeptide,2,8,200,71748,4586050,0.5
233.000,6,0.000,,false,0.8653012180630112,0.018010881503590537,0.4499970535423192,0.5108115744279745,database,shuffled-dipeptide,2,8,200,71748,4586050,0.5
233.500,6,0.000,,false,0.8653012180630112,0.018010881503590537,0.4499970535423192,0.5108115744279745,database,shuffled-dipeptide,2,8,200,71748,4586050,0.5
234.000,6,0.000,,false,0.8653012180630112,0.018010881503590537,0.4499970535423192,0.5108115744279745,database,shuffled-dipeptide,2,8,200,71748,4586050,0.5
234.500,6,0.000,,false,0.8653012180630112,0.018010881503590537,0.4499970535423192,0.5108115744279745,database,shuffled-dipeptide,2,8,200,71748,4586050,0.5
235.000,6,0.000,,false,0.8653012180630112,0.018010881503590537,0.4499970535423192,0.5108115744279745,database,shuffled-dipeptide,2,8,200,71748,4586050,0.5
235.500,6,0.000,,false,0.8653012180630112,0.018010881503590537,0.4499970535423192,0.5108115744279745,database,shuffled-dipeptide,2,8,200,71748,4586050,0.5
236.000,6,0.000,,false,0.8653012180630112,0.018010881503590537,0.4499970535423192,0.5108115744279745,database,shuffled-dipeptide,2,8,200,71748,4586050,0.5
236.500,6,0.000,,false,0.8653012180630112,0.018010881503590537,0.4499970535423192,0.5108115744279745,database,shuffled-dipeptide,2,8,200,71748,4586050,0.5
237.000,6,0.000,,false,0.8653012180630112,0.018010881503590537,0.4499970535423192,0.5108115744279745,database,shuffled-dipeptide,2,8,200,71748,4586050,0.5
237.500,6,0.000,,false,0.8653012180630112,0.018010881503590537,0.4499970535423192,0.5108115744279745,database,shuffled-dipeptide,2,8,200,71748,4586050,0.5
238.000,6,0.000,,false,0.8653012180630112,0.018010881503590537,0.4499970535423192,0.5108115744279745,database,shuffled-dipeptide,2,8,200,71748,4586050,0.5
238.500,6,0.000,,false,0.8653012180630112,0.018010881503590537,0.4499970535423192,0.5108115744279745,database,shuffled-dipeptide,2,8,200,71748,4586050,0.5
239.000,6,0.000,,false,0.8653012180630112,0.018010881503590537,0.4499970535423192,0.5108115744279745,database,shuffled-dipeptide,2,8,200,71748,4586050,0.5
239.500,6,0.000,,false,0.8653012180630112,0.018010881503590537,0.4499970535423192,0.5108115744279745,database,shuffled-dipeptide,2,8,200,71748,4586050,0.5
240.000,6,0.000,,false,0.8653012180630112,0.018010881503590537,0.4499970535423192,0.5108115744279745,database,shuffled-dipeptide,2,8,200,71748,4586050,0.5
240.500,6,0.000,,false,0.8653012180630112,0.018010881503590537,0.4499970535423192,0.5108115744279745,database,shuffled-dipeptide,2,8,200,71748,4586050,0.5
241.000,6,0.000,,false,0.8653012180630112,0.018010881503590537,0.4499970535423192,0.5108115744279745,database,shuffled-dipeptide,2,8,200,71748,4586050,0.5
241.500,6,0.000,,false,0.8653012180630112,0.018010881503590537,0.4499970535423192,0.5108115744279745,database,shuffled-dipeptide,2,8,200,71748,4586050,0.5
242.000,6,0.000,,false,0.8653012180630112,0.018010881503590537,0.4499970535423192,0.5108115744279745,database,shuffled-dipeptide,2,8,200,71748,4586050,0.5
242.500,6,0.000,,false,0.8653012180630112,0.018010881503590537,0.4499970535423192,0.5108115744279745,database,shuffled-dipeptide,2,8,200,71748,4586050,0.5
243.000,6,0.000,,false,0.8653012180630112,0.018010881503590537,0.4499970535423192,0.5108115744279745,database,shuffled-dipeptide,2,8,200,71748,4586050,0.5
243.500,6,0.000,,false,0.8653012180630112,0.018010881503590537,0.4499970535423192,0.5108115744279745,database,shuffled-dipeptide,2,8,200,71748,4586050,0.5
244.000,6,0.000,,false,0.8653012180630112,0.018010881503590537,0.4499970535423192,0.5108115744279745,database,shuffled-dipeptide,2,8,200,71748,4586050,0.5
244.500,6,0.000,,false,0.8653012180630112,0.018010881503590537,0.4499970535423192,0.5108115744279745,database,shuffled-dipeptide,2,8,200,71748,4586050,0.5
245.000,6,0.000,,false,0.8653012180630112,0.018010881503590537,0.4499970535423192,0.5108115744279745,database,shuffled-dipeptide,2,8,200,71748,4586050,0.5
245.500,6,0.000,,false,0.8653012180630112,0.018010881503590537,0.4499970535423192,0.5108115744279745,database,shuffled-dipeptide,2,8,200,71748,4586050,0.5
246.000,6,0.000,,false,0.8653012180630112,0.018010881503590537,0.4499970535423192,0.5108115744279745,database,shuffled-dipeptide,2,8,200,71748,4586050,0.5
246.500,6,0.000,,false,0.8653012180630112,0.018010881503590537,0.4499970535423192,0.5108115744279745,database,shuffled-dipeptide,2,8,200,71748,4586050,0.5
247.000,6,0.000,,false,0.8653012180630112,0.018010881503590537,0.4499970535423192,0.5108115744279745,database,shuffled-dipeptide,2,8,200,71748,4586050,0.5
247.500,6,0.000,,false,0.8653012180630112,0.018010881503590537,0.4499970535423192,0.5108115744279745,database,shuffled-dipeptide,2,8,200,71748,4586050,0.5
248.000,6,0.000,,false,0.8653012180630112,0.018010881503590537,0.4499970535423192,0.5108115744279745,database,shuffled-dipeptide,2,8,200,71748,4586050,0.5
248.500,6,0.000,,false,0.8653012180630112,0.018010881503590537,0.4499970535423192,0.5108115744279745,database,shuffled-dipeptide,2,8,200,71748,4586050,0.5
249.000,6,0.000,,false,0.8653012180630112,0.018010881503590537,0.4499970535423192,0.5108115744279745,database,shuffled-dipeptide,2,8,200,71748,4586050,0.5
249.500,6,0.000,,false,0.8653012180630112,0.018010881503590537,0.4499970535423192,0.5108115744279745,database,shuffled-dipeptide,2,8,200,71748,4586050,0.5
250.000,6,0.000,,false,0.8653012180630112,0.018010881503590537,0.4499970535423192,0.5108115744279745,database,shuffled-dipeptide,2,8,200,71748,4586050,0.5
250.500,6,0.000,,false,0.8653012180630112,0.018010881503590537,0.4499970535423192,0.5108115744279745,database,shuffled-dipeptide,2,8,200,71748,4586050,0.5
251.000,6,0.000,,false,0.8653012180630112,0.018010881503590537,0.4499970535423192,0.5108115744279745,database,shuffled-dipeptide,2,8,200,71748,4586050,0.5
251.500,6,0.000,,false,0.8653012180630112,0.018010881503590537,0.4499970535423192,0.5108115744279745,database,shuffled-dipeptide,2,8,200,71748,4586050,0.5
252.000,6,0.000,,false,0.8653012180630112,0.018010881503590537,0.4499970535423192,0.5108115744279745,database,shuffled-dipeptide,2,8,200,71748,4586050,0.5
252.500,6,0.000,,false,0.8653012180630112,0.018010881503590537,0.4499970535423192,0.5108115744279745,database,shuffled-dipeptide,2,8,200,71748,4586050,0.5
253.000,6,0.000,,false,0.8653012180630112,0.018010881503590537,0.4499970535423192,0.5108115744279745,database,shuffled-dipeptide,2,8,200,71748,4586050,0.5
253.500,6,0.000,,false,0.8653012180630112,0.018010881503590537,0.4499970535423192,0.5108115744279745,database,shuffled-dipeptide,2,8,200,71748,4586050,0.5
254.000,6,0.000,,false,0.8653012180630112,0.018010881503590537,0.4499970535423192,0.5108115744279745,database,shuffled-dipeptide,2,8,200,71748,4586050,0.5
254.500,6,0.000,,false,0.8653012180630112,0.018010881503590537,0.4499970535423192,0.5108115744279745,database,shuffled-dipeptide,2,8,200,71748,4586050,0.5
255.000,6,0.000,,false,0.8653012180630112,0.018010881503590537,0.4499970535423192,0.5108115744279745,database,shuffled-dipeptide,2,8,200,71748,4586050,0.5
255.500,6,0.000,,false,0.8653012180630112,0.018010881503590537,0.4499970535423192,0.5108115744279745,database,shuffled-dipeptide,2,8,200,71748,4586050,0.5
256.000,6,0.000,,false,0.8653012180630112,0.018010881503590537,0.4499970535423192,0.5108115744279745,database,shuffled-dipeptide,2,8,200,71748,4586050,0.5
256.500,6,0.000,,false,0.8653012180630112,0.018010881503590537,0.4499970535423192,0.5108115744279745,database,shuffled-dipeptide,2,8,200,71748,4586050,0.5
257.000,6,0.000,,false,0.8653012180630112,0.018010881503590537,0.4499970535423192,0.5108115744279745,database,shuffled-dipeptide,2,8,200,71748,4586050,0.5
257.500,6,0.000,,false,0.8653012180630112,0.018010881503590537,0.4499970535423192,0.5108115744279745,database,shuffled-dipeptide,2,8,200,71748,4586050,0.5
258.000,6,0.000,,false,0.8653012180630112,0.018010881503590537,0.4499970535423192,0.5108115744279745,database,shuffled-dipeptide,2,8,200,71748,4586050,0.5
258.500,6,0.000,,false,0.8653012180630112,0.018010881503590537,0.4499970535423192,0.5108115744279745,database,shuffled-dipeptide,2,8,200,71748,4586050,0.5
259.000,6,0.000,,false,0.8653012180630112,0.018010881503590537,0.4499970535423192,0.5108115744279745,database,shuffled-dipeptide,2,8,200,71748,4586050,0.5
259.500,6,0.000,,false,0.8653012180630112,0.018010881503590537,0.4499970535423192,0.5108115744279745,database,shuffled-dipeptide,2,8,200,71748,4586050,0.5
260.000,6,0.000,,false,0.8653012180630112,0.018010881503590537,0.4499970535423192,0.5108115744279745,database,shuffled-dipeptide,2,8,200,71748,4586050,0.5
260.500,6,0.000,,false,0.8653012180630112,0.018010881503590537,0.4499970535423192,0.5108115744279745,database,shuffled-dipeptide,2,8,200,71748,4586050,0.5
261.000,6,0.000,,false,0.8653012180630112,0.018010881503590537,0.4499970535423192,0.5108115744279745,database,shuffled-dipeptide,2,8,200,71748,4586050,0.5
261.500,6,0.000,,false,0.8653012180630112,0.018010881503590537,0.4499970535423192,0.5108115744279745,database,shuffled-dipeptide,2,8,200,71748,4586050,0.5
262.000,6,0.000,,false,0.8653012180630112,0.018010881503590537,0.4499970535423192,0.5108115744279745,database,shuffled-dipeptide,2,8,200,71748,4586050,0.5
262.500,6,0.000,,false,0.8653012180630112,0.018010881503590537,0.4499970535423192,0.5108115744279745,database,shuffled-dipeptide,2,8,200,71748,4586050,0.5
263.000,6,0.000,,false,0.8653012180630112,0.018010881503590537,0.4499970535423192,0.5108115744279745,database,shuffled-dipeptide,2,8,200,71748,4586050,0.5
263.500,6,0.000,,false,0.8653012180630112,0.018010881503590537,0.4499970535423192,0.5108115744279745,database,shuffled-dipeptide,2,8,200,71748,4586050,0.5
264.000,6,0.000,,false,0.8653012180630112,0.018010881503590537,0.4499970535423192,0.5108115744279745,database,shuffled-dipeptide,2,8,200,71748,4586050,0.5
264.500,6,0.000,,false,0.8653012180630112,0.018010881503590537,0.4499970535423192,0.5108115744279745,database,shuffled-dipeptide,2,8,200,71748,4586050,0.5
265.000,6,0.000,,false,0.8653012180630112,0.018010881503590537,0.4499970535423192,0.5108115744279745,database,shuffled-dipeptide,2,8,200,71748,4586050,0.5
265.500,6,0.000,,false,0.8653012180630112,0.018010881503590537,0.4499970535423192,0.5108115744279745,database,shuffled-dipeptide,2,8,200,71748,4586050,0.5
266.000,6,0.000,,false,0.8653012180630112,0.018010881503590537,0.4499970535423192,0.5108115744279745,database,shuffled-dipeptide,2,8,200,71748,4586050,0.5
266.500,6,0.000,,false,0.8653012180630112,0.018010881503590537,0.4499970535423192,0.5108115744279745,database,shuffled-dipeptide,2,8,200,71748,4586050,0.5
267.000,6,0.000,,false,0.8653012180630112,0.018010881503590537,0.4499970535423192,0.5108115744279745,database,shuffled-dipeptide,2,8,200,71748,4586050,0.5
267.500,6,0.000,,false,0.8653012180630112,0.018010881503590537,0.4499970535423192,0.5108115744279745,database,shuffled-dipeptide,2,8,200,71748,4586050,0.5
268.000,6,0.000,,false,0.8653012180630112,0.018010881503590537,0.4499970535423192,0.5108115744279745,database,shuffled-dipeptide,2,8,200,71748,4586050,0.5
268.500,6,0.000,,false,0.8653012180630112,0.018010881503590537,0.4499970535423192,0.5108115744279745,database,shuffled-dipeptide,2,8,200,71748,4586050,0.5
269.000,6,0.000,,false,0.8653012180630112,0.018010881503590537,0.4499970535423192,0.5108115744279745,database,shuffled-dipeptide,2,8,200,71748,4586050,0.5
269.500,6,0.000,,false,0.8653012180630112,0.018010881503590537,0.4499970535423192,0.5108115744279745,database,shuffled-dipeptide,2,8,200,71748,4586050,0.5
270.000,6,0.000,,false,0.8653012180630112,0.018010881503590537,0.4499970535423192,0.5108115744279745,database,shuffled-dipeptide,2,8,200,71748,4586050,0.5
270.500,6,0.000,,false,0.8653012180630112,0.018010881503590537,0.4499970535423192,0.5108115744279745,database,shuffled-dipeptide,2,8,200,71748,4586050,0.5
271.000,6,0.000,,false,0.8653012180630112,0.018010881503590537,0.4499970535423192,0.5108115744279745,database,shuffled-dipeptide,2,8,200,71748,4586050,0.5
271.500,6,0.000,,false,0.8653012180630112,0.018010881503590537,0.4499970535423192,0.5108115744279745,database,shuffled-dipeptide,2,8,200,71748,4586050,0.5
272.000,6,0.000,,false,0.8653012180630112,0.018010881503590537,0.4499970535423192,0.5108115744279745,database,shuffled-dipeptide,2,8,200,71748,4586050,0.5
272.500,6,0.000,,false,0.8653012180630112,0.018010881503590537,0.4499970535423192,0.5108115744279745,database,shuffled-dipeptide,2,8,200,71748,4586050,0.5
273.000,6,0.000,,false,0.8653012180630112,0.018010881503590537,0.4499970535423192,0.5108115744279745,database,shuffled-dipeptide,2,8,200,71748,4586050,0.5
273.500,6,0.000,,false,0.8653012180630112,0.018010881503590537,0.4499970535423192,0.5108115744279745,database,shuffled-dipeptide,2,8,200,71748,4586050,0.5
274.000,6,0.000,,false,0.8653012180630112,0.018010881503590537,0.4499970535423192,0.5108115744279745,database,shuffled-dipeptide,2,8,200,71748,4586050,0.5
274.500,6,0.000,,false,0.8653012180630112,0.018010881503590537,0.4499970535423192,0.5108115744279745,database,shuffled-dipeptide,2,8,200,71748,4586050,0.5
275.000,6,0.000,,false,0.8653012180630112,0.018010881503590537,0.4499970535423192,0.5108115744279745,database,shuffled-dipeptide,2,8,200,71748,4586050,0.5
275.500,6,0.000,,false,0.8653012180630112,0.018010881503590537,0.4499970535423192,0.5108115744279745,database,shuffled-dipeptide,2,8,200,71748,4586050,0.5
276.000,6,0.000,,false,0.8653012180630112,0.018010881503590537,0.4499970535423192,0.5108115744279745,database,shuffled-dipeptide,2,8,200,71748,4586050,0.5
276.500,6,0.000,,false,0.8653012180630112,0.018010881503590537,0.4499970535423192,0.5108115744279745,database,shuffled-dipeptide,2,8,200,71748,4586050,0.5
277.000,6,0.000,,false,0.8653012180630112,0.018010881503590537,0.4499970535423192,0.5108115744279745,database,shuffled-dipeptide,2,8,200,71748,4586050,0.5
277.500,5,0.000,,false,0.8653012180630112,0.018010881503590537,0.4499970535423192,0.5108115744279745,database,shuffled-dipeptide,2,8,200,71748,4586050,0.5
278.000,5,0.000,,false,0.8653012180630112,0.018010881503590537,0.4499970535423192,0.5108115744279745,database,shuffled-dipeptide,2,8,200,71748,4586050,0.5
278.500,5,0.000,,false,0.8653012180630112,0.018010881503590537,0.4499970535423192,0.5108115744279745,database,shuffled-dipeptide,2,8,200,71748,4586050,0.5
279.000,5,0.000,,false,0.8653012180630112,0.018010881503590537,0.4499970535423192,0.5108115744279745,database,shuffled-dipeptide,2,8,200,71748,4586050,0.5
279.500,5,0.000,,false,0.8653012180630112,0.018010881503590537,0.4499970535423192,0.5108115744279745,database,shuffled-dipeptide,2,8,200,71748,4586050,0.5
280.000,5,0.000,,false,0.8653012180630112,0.018010881503590537,0.4499970535423192,0.5108115744279745,database,shuffled-dipeptide,2,8,200,71748,4586050,0.5
280.500,5,0.000,,false,0.8653012180630112,0.018010881503590537,0.4499970535423192,0.5108115744279745,database,shuffled-dipeptide,2,8,200,71748,4586050,0.5
281.000,5,0.000,,false,0.8653012180630112,0.018010881503590537,0.4499970535423192,0.5108115744279745,database,shuffled-dipeptide,2,8,200,71748,4586050,0.5
281.500,5,0.000,,false,0.8653012180630112,0.018010881503590537,0.4499970535423192,0.5108115744279745,database,shuffled-dipeptide,2,8,200,71748,4586050,0.5
282.000,5,0.000,,false,0.8653012180630112,0.018010881503590537,0.4499970535423192,0.5108115744279745,database,shuffled-dipeptide,2,8,200,71748,4586050,0.5
282.500,5,0.000,,false,0.8653012180630112,0.018010881503590537,0.4499970535423192,0.5108115744279745,database,shuffled-dipeptide,2,8,200,71748,4586050,0.5
283.000,5,0.000,,false,0.8653012180630112,0.018010881503590537,0.4499970535423192,0.5108115744279745,database,shuffled-dipeptide,2,8,200,71748,4586050,0.5
283.500,5,0.000,,false,0.8653012180630112,0.018010881503590537,0.4499970535423192,0.5108115744279745,database,shuffled-dipeptide,2,8,200,71748,4586050,0.5
284.000,5,0.000,,false,0.8653012180630112,0.018010881503590537,0.4499970535423192,0.5108115744279745,database,shuffled-dipeptide,2,8,200,71748,4586050,0.5
284.500,5,0.000,,false,0.8653012180630112,0.018010881503590537,0.4499970535423192,0.5108115744279745,database,shuffled-dipeptide,2,8,200,71748,4586050,0.5
285.000,5,0.000,,false,0.8653012180630112,0.018010881503590537,0.4499970535423192,0.5108115744279745,database,shuffled-dipeptide,2,8,200,71748,4586050,0.5
285.500,5,0.000,,false,0.8653012180630112,0.018010881503590537,0.4499970535423192,0.5108115744279745,database,shuffled-dipeptide,2,8,200,71748,4586050,0.5
286.000,5,0.000,,false,0.8653012180630112,0.018010881503590537,0.4499970535423192,0.5108115744279745,database,shuffled-dipeptide,2,8,200,71748,4586050,0.5
286.500,5,0.000,,false,0.8653012180630112,0.018010881503590537,0.4499970535423192,0.5108115744279745,database,shuffled-dipeptide,2,8,200,71748,4586050,0.5
287.000,5,0.000,,false,0.8653012180630112,0.018010881503590537,0.4499970535423192,0.5108115744279745,database,shuffled-dipeptide,2,8,200,71748,4586050,0.5
287.500,5,0.000,,false,0.8653012180630112,0.018010881503590537,0.4499970535423192,0.5108115744279745,database,shuffled-dipeptide,2,8,200,71748,4586050,0.5
288.000,5,0.000,,false,0.8653012180630112,0.018010881503590537,0.4499970535423192,0.5108115744279745,database,shuffled-dipeptide,2,8,200,71748,4586050,0.5
288.500,5,0.000,,false,0.8653012180630112,0.018010881503590537,0.4499970535423192,0.5108115744279745,database,shuffled-dipeptide,2,8,200,71748,4586050,0.5
289.000,5,0.000,,false,0.8653012180630112,0.018010881503590537,0.4499970535423192,0.5108115744279745,database,shuffled-dipeptide,2,8,200,71748,4586050,0.5
289.500,5,0.000,,false,0.8653012180630112,0.018010881503590537,0.4499970535423192,0.5108115744279745,database,shuffled-dipeptide,2,8,200,71748,4586050,0.5
290.000,5,0.000,,false,0.8653012180630112,0.018010881503590537,0.4499970535423192,0.5108115744279745,database,shuffled-dipeptide,2,8,200,71748,4586050,0.5
290.500,5,0.000,,false,0.8653012180630112,0.018010881503590537,0.4499970535423192,0.5108115744279745,database,shuffled-dipeptide,2,8,200,71748,4586050,0.5
291.000,5,0.000,,false,0.8653012180630112,0.018010881503590537,0.4499970535423192,0.5108115744279745,database,shuffled-dipeptide,2,8,200,71748,4586050,0.5
291.500,5,0.000,,false,0.8653012180630112,0.018010881503590537,0.4499970535423192,0.5108115744279745,database,shuffled-dipeptide,2,8,200,71748,4586050,0.5
292.000,5,0.000,,false,0.8653012180630112,0.018010881503590537,0.4499970535423192,0.5108115744279745,database,shuffled-dipeptide,2,8,200,71748,4586050,0.5
292.500,5,0.000,,false,0.8653012180630112,0.018010881503590537,0.4499970535423192,0.5108115744279745,database,shuffled-dipeptide,2,8,200,71748,4586050,0.5
293.000,5,0.000,,false,0.8653012180630112,0.018010881503590537,0.4499970535423192,0.5108115744279745,database,shuffled-dipeptide,2,8,200,71748,4586050,0.5
293.500,5,0.000,,false,0.8653012180630112,0.018010881503590537,0.4499970535423192,0.5108115744279745,database,shuffled-dipeptide,2,8,200,71748,4586050,0.5
294.000,5,0.000,,false,0.8653012180630112,0.018010881503590537,0.4499970535423192,0.5108115744279745,database,shuffled-dipeptide,2,8,200,71748,4586050,0.5
294.500,5,0.000,,false,0.8653012180630112,0.018010881503590537,0.4499970535423192,0.5108115744279745,database,shuffled-dipeptide,2,8,200,71748,4586050,0.5
295.000,5,0.000,,false,0.8653012180630112,0.018010881503590537,0.4499970535423192,0.5108115744279745,database,shuffled-dipeptide,2,8,200,71748,4586050,0.5
295.500,5,0.000,,false,0.8653012180630112,0.018010881503590537,0.4499970535423192,0.5108115744279745,database,shuffled-dipeptide,2,8,200,71748,4586050,0.5
296.000,5,0.000,,false,0.8653012180630112,0.018010881503590537,0.4499970535423192,0.5108115744279745,database,shuffled-dipeptide,2,8,200,71748,4586050,0.5
296.500,5,0.000,,false,0.8653012180630112,0.018010881503590537,0.4499970535423192,0.5108115744279745,database,shuffled-dipeptide,2,8,200,71748,4586050,0.5
297.000,5,0.000,,false,0.8653012180630112,0.018010881503590537,0.4499970535423192,0.5108115744279745,database,shuffled-dipeptide,2,8,200,71748,4586050,0.5
297.500,5,0.000,,false,0.8653012180630112,0.018010881503590537,0.4499970535423192,0.5108115744279745,database,shuffled-dipeptide,2,8,200,71748,4586050,0.5
298.000,5,0.000,,false,0.8653012180630112,0.018010881503590537,0.4499970535423192,0.5108115744279745,database,shuffled-dipeptide,2,8,200,71748,4586050,0.5
298.500,5,0.000,,false,0.8653012180630112,0.018010881503590537,0.4499970535423192,0.5108115744279745,database,shuffled-dipeptide,2,8,200,71748,4586050,0.5
299.000,5,0.000,,false,0.8653012180630112,0.018010881503590537,0.4499970535423192,0.5108115744279745,database,shuffled-dipeptide,2,8,200,71748,4586050,0.5
299.500,5,0.000,,false,0.8653012180630112,0.018010881503590537,0.4499970535423192,0.5108115744279745,database,shuffled-dipeptide,2,8,200,71748,4586050,0.5
300.000,5,0.000,,false,0.8653012180630112,0.018010881503590537,0.4499970535423192,0.5108115744279745,database,shuffled-dipeptide,2,8,200,71748,4586050,0.5
300.500,4,0.000,,false,0.8653012180630112,0.018010881503590537,0.4499970535423192,0.5108115744279745,database,shuffled-dipeptide,2,8,200,71748,4586050,0.5
301.000,4,0.000,,false,0.8653012180630112,0.018010881503590537,0.4499970535423192,0.5108115744279745,database,shuffled-dipeptide,2,8,200,71748,4586050,0.5
301.500,4,0.000,,false,0.8653012180630112,0.018010881503590537,0.4499970535423192,0.5108115744279745,database,shuffled-dipeptide,2,8,200,71748,4586050,0.5
302.000,4,0.000,,false,0.8653012180630112,0.018010881503590537,0.4499970535423192,0.5108115744279745,database,shuffled-dipeptide,2,8,200,71748,4586050,0.5
302.500,4,0.000,,false,0.8653012180630112,0.018010881503590537,0.4499970535423192,0.5108115744279745,database,shuffled-dipeptide,2,8,200,71748,4586050,0.5
303.000,4,0.000,,false,0.8653012180630112,0.018010881503590537,0.4499970535423192,0.5108115744279745,database,shuffled-dipeptide,2,8,200,71748,4586050,0.5
303.500,4,0.000,,false,0.8653012180630112,0.018010881503590537,0.4499970535423192,0.5108115744279745,database,shuffled-dipeptide,2,8,200,71748,4586050,0.5
304.000,4,0.000,,false,0.8653012180630112,0.018010881503590537,0.4499970535423192,0.5108115744279745,database,shuffled-dipeptide,2,8,200,71748,4586050,0.5
304.500,4,0.000,,false,0.8653012180630112,0.018010881503590537,0.4499970535423192,0.5108115744279745,database,shuffled-dipeptide,2,8,200,71748,4586050,0.5
305.000,4,0.000,,false,0.8653012180630112,0.018010881503590537,0.4499970535423192,0.5108115744279745,database,shuffled-dipeptide,2,8,200,71748,4586050,0.5
305.500,4,0.000,,false,0.8653012180630112,0.018010881503590537,0.4499970535423192,0.5108115744279745,database,shuffled-dipeptide,2,8,200,71748,4586050,0.5
306.000,4,0.000,,false,0.8653012180630112,0.018010881503590537,0.4499970535423192,0.5108115744279745,database,shuffled-dipeptide,2,8,200,71748,4586050,0.5
306.500,4,0.000,,false,0.8653012180630112,0.018010881503590537,0.4499970535423192,0.5108115744279745,database,shuffled-dipeptide,2,8,200,71748,4586050,0.5
307.000,4,0.000,,false,0.8653012180630112,0.018010881503590537,0.4499970535423192,0.5108115744279745,database,shuffled-dipeptide,2,8,200,71748,4586050,0.5
307.500,4,0.000,,false,0.8653012180630112,0.018010881503590537,0.4499970535423192,0.5108115744279745,database,shuffled-dipeptide,2,8,200,71748,4586050,0.5
308.000,4,0.000,,false,0.8653012180630112,0.018010881503590537,0.4499970535423192,0.5108115744279745,database,shuffled-dipeptide,2,8,200,71748,4586050,0.5
308.500,4,0.000,,false,0.8653012180630112,0.018010881503590537,0.4499970535423192,0.5108115744279745,database,shuffled-dipeptide,2,8,200,71748,4586050,0.5
309.000,4,0.000,,false,0.8653012180630112,0.018010881503590537,0.4499970535423192,0.5108115744279745,database,shuffled-dipeptide,2,8,200,71748,4586050,0.5
309.500,4,0.000,,false,0.8653012180630112,0.018010881503590537,0.4499970535423192,0.5108115744279745,database,shuffled-dipeptide,2,8,200,71748,4586050,0.5
310.000,4,0.000,,false,0.8653012180630112,0.018010881503590537,0.4499970535423192,0.5108115744279745,database,shuffled-dipeptide,2,8,200,71748,4586050,0.5
310.500,4,0.000,,false,0.8653012180630112,0.018010881503590537,0.4499970535423192,0.5108115744279745,database,shuffled-dipeptide,2,8,200,71748,4586050,0.5
311.000,4,0.000,,false,0.8653012180630112,0.018010881503590537,0.4499970535423192,0.5108115744279745,database,shuffled-dipeptide,2,8,200,71748,4586050,0.5
311.500,4,0.000,,false,0.8653012180630112,0.018010881503590537,0.4499970535423192,0.5108115744279745,database,shuffled-dipeptide,2,8,200,71748,4586050,0.5
312.000,4,0.000,,false,0.8653012180630112,0.018010881503590537,0.4499970535423192,0.5108115744279745,database,shuffled-dipeptide,2,8,200,71748,4586050,0.5
312.500,4,0.000,,false,0.8653012180630112,0.018010881503590537,0.4499970535423192,0.5108115744279745,database,shuffled-dipeptide,2,8,200,71748,4586050,0.5
313.000,4,0.000,,false,0.8653012180630112,0.018010881503590537,0.4499970535423192,0.5108115744279745,database,shuffled-dipeptide,2,8,200,71748,4586050,0.5
313.500,4,0.000,,false,0.8653012180630112,0.018010881503590537,0.4499970535423192,0.5108115744279745,database,shuffled-dipeptide,2,8,200,71748,4586050,0.5
314.000,4,0.000,,false,0.8653012180630112,0.018010881503590537,0.4499970535423192,0.5108115744279745,database,shuffled-dipeptide,2,8,200,71748,4586050,0.5
314.500,4,0.000,,false,0.8653012180630112,0.018010881503590537,0.4499970535423192,0.5108115744279745,database,shuffled-dipeptide,2,8,200,71748,4586050,0.5
315.000,4,0.000,,false,0.8653012180630112,0.018010881503590537,0.4499970535423192,0.5108115744279745,database,shuffled-dipeptide,2,8,200,71748,4586050,0.5
315.500,4,0.000,,false,0.8653012180630112,0.018010881503590537,0.4499970535423192,0.5108115744279745,database,shuffled-dipeptide,2,8,200,71748,4586050,0.5
316.000,4,0.000,,false,0.8653012180630112,0.018010881503590537,0.4499970535423192,0.5108115744279745,database,shuffled-dipeptide,2,8,200,71748,4586050,0.5
316.500,4,0.000,,false,0.8653012180630112,0.018010881503590537,0.4499970535423192,0.5108115744279745,database,shuffled-dipeptide,2,8,200,71748,4586050,0.5
317.000,4,0.000,,false,0.8653012180630112,0.018010881503590537,0.4499970535423192,0.5108115744279745,database,shuffled-dipeptide,2,8,200,71748,4586050,0.5
317.500,4,0.000,,false,0.8653012180630112,0.018010881503590537,0.4499970535423192,0.5108115744279745,database,shuffled-dipeptide,2,8,200,71748,4586050,0.5
318.000,4,0.000,,false,0.8653012180630112,0.018010881503590537,0.4499970535423192,0.5108115744279745,database,shuffled-dipeptide,2,8,200,71748,4586050,0.5
318.500,4,0.000,,false,0.8653012180630112,0.018010881503590537,0.4499970535423192,0.5108115744279745,database,shuffled-dipeptide,2,8,200,71748,4586050,0.5
319.000,4,0.000,,false,0.8653012180630112,0.018010881503590537,0.4499970535423192,0.5108115744279745,database,shuffled-dipeptide,2,8,200,71748,4586050,0.5
319.500,4,0.000,,false,0.8653012180630112,0.018010881503590537,0.4499970535423192,0.5108115744279745,database,shuffled-dipeptide,2,8,200,71748,4586050,0.5
320.000,4,0.000,,false,0.8653012180630112,0.018010881503590537,0.4499970535423192,0.5108115744279745,database,shuffled-dipeptide,2,8,200,71748,4586050,0.5
320.500,4,0.000,,false,0.8653012180630112,0.018010881503590537,0.4499970535423192,0.5108115744279745,database,shuffled-dipeptide,2,8,200,71748,4586050,0.5
321.000,4,0.000,,false,0.8653012180630112,0.018010881503590537,0.4499970535423192,0.5108115744279745,database,shuffled-dipeptide,2,8,200,71748,4586050,0.5
321.500,4,0.000,,false,0.8653012180630112,0.018010881503590537,0.4499970535423192,0.5108115744279745,database,shuffled-dipeptide,2,8,200,71748,4586050,0.5
322.000,4,0.000,,false,0.8653012180630112,0.018010881503590537,0.4499970535423192,0.5108115744279745,database,shuffled-dipeptide,2,8,200,71748,4586050,0.5
322.500,4,0.000,,false,0.8653012180630112,0.018010881503590537,0.4499970535423192,0.5108115744279745,database,shuffled-dipeptide,2,8,200,71748,4586050,0.5
323.000,4,0.000,,false,0.8653012180630112,0.018010881503590537,0.4499970535423192,0.5108115744279745,database,shuffled-dipeptide,2,8,200,71748,4586050,0.5
323.500,4,0.000,,false,0.8653012180630112,0.018010881503590537,0.4499970535423192,0.5108115744279745,database,shuffled-dipeptide,2,8,200,71748,4586050,0.5
324.000,4,0.000,,false,0.8653012180630112,0.018010881503590537,0.4499970535423192,0.5108115744279745,database,shuffled-dipeptide,2,8,200,71748,4586050,0.5
324.500,4,0.000,,false,0.8653012180630112,0.018010881503590537,0.4499970535423192,0.5108115744279745,database,shuffled-dipeptide,2,8,200,71748,4586050,0.5
325.000,4,0.000,,false,0.8653012180630112,0.018010881503590537,0.4499970535423192,0.5108115744279745,database,shuffled-dipeptide,2,8,200,71748,4586050,0.5
325.500,4,0.000,,false,0.8653012180630112,0.018010881503590537,0.4499970535423192,0.5108115744279745,database,shuffled-dipeptide,2,8,200,71748,4586050,0.5
326.000,4,0.000,,false,0.8653012180630112,0.018010881503590537,0.4499970535423192,0.5108115744279745,database,shuffled-dipeptide,2,8,200,71748,4586050,0.5
326.500,4,0.000,,false,0.8653012180630112,0.018010881503590537,0.4499970535423192,0.5108115744279745,database,shuffled-dipeptide,2,8,200,71748,4586050,0.5
327.000,4,0.000,,false,0.8653012180630112,0.018010881503590537,0.4499970535423192,0.5108115744279745,database,shuffled-dipeptide,2,8,200,71748,4586050,0.5
327.500,4,0.000,,false,0.8653012180630112,0.018010881503590537,0.4499970535423192,0.5108115744279745,database,shuffled-dipeptide,2,8,200,71748,4586050,0.5
328.000,4,0.000,,false,0.8653012180630112,0.018010881503590537,0.4499970535423192,0.5108115744279745,database,shuffled-dipeptide,2,8,200,71748,4586050,0.5
328.500,4,0.000,,false,0.8653012180630112,0.018010881503590537,0.4499970535423192,0.5108115744279745,database,shuffled-dipeptide,2,8,200,71748,4586050,0.5
329.000,4,0.000,,false,0.8653012180630112,0.018010881503590537,0.4499970535423192,0.5108115744279745,database,shuffled-dipeptide,2,8,200,71748,4586050,0.5
329.500,4,0.000,,false,0.8653012180630112,0.018010881503590537,0.4499970535423192,0.5108115744279745,database,shuffled-dipeptide,2,8,200,71748,4586050,0.5
330.000,4,0.000,,false,0.8653012180630112,0.018010881503590537,0.4499970535423192,0.5108115744279745,database,shuffled-dipeptide,2,8,200,71748,4586050,0.5
330.500,4,0.000,,false,0.8653012180630112,0.018010881503590537,0.4499970535423192,0.5108115744279745,database,shuffled-dipeptide,2,8,200,71748,4586050,0.5
331.000,4,0.000,,false,0.8653012180630112,0.018010881503590537,0.4499970535423192,0.5108115744279745,database,shuffled-dipeptide,2,8,200,71748,4586050,0.5
331.500,4,0.000,,false,0.8653012180630112,0.018010881503590537,0.4499970535423192,0.5108115744279745,database,shuffled-dipeptide,2,8,200,71748,4586050,0.5
332.000,4,0.000,,false,0.8653012180630112,0.018010881503590537,0.4499970535423192,0.5108115744279745,database,shuffled-dipeptide,2,8,200,71748,4586050,0.5
332.500,4,0.000,,false,0.8653012180630112,0.018010881503590537,0.4499970535423192,0.5108115744279745,database,shuffled-dipeptide,2,8,200,71748,4586050,0.5
333.000,4,0.000,,false,0.8653012180630112,0.018010881503590537,0.4499970535423192,0.5108115744279745,database,shuffled-dipeptide,2,8,200,71748,4586050,0.5
333.500,4,0.000,,false,0.8653012180630112,0.018010881503590537,0.4499970535423192,0.5108115744279745,database,shuffled-dipeptide,2,8,200,71748,4586050,0.5
334.000,4,0.000,,false,0.8653012180630112,0.018010881503590537,0.4499970535423192,0.5108115744279745,database,shuffled-dipeptide,2,8,200,71748,4586050,0.5
334.500,4,0.000,,false,0.8653012180630112,0.018010881503590537,0.4499970535423192,0.5108115744279745,database,shuffled-dipeptide,2,8,200,71748,4586050,0.5
335.000,4,0.000,,false,0.8653012180630112,0.018010881503590537,0.4499970535423192,0.5108115744279745,database,shuffled-dipeptide,2,8,200,71748,4586050,0.5
335.500,4,0.000,,false,0.8653012180630112,0.018010881503590537,0.4499970535423192,0.5108115744279745,database,shuffled-dipeptide,2,8,200,71748,4586050,0.5
336.000,4,0.000,,false,0.8653012180630112,0.018010881503590537,0.4499970535423192,0.5108115744279745,database,shuffled-dipeptide,2,8,200,71748,4586050,0.5
336.500,4,0.000,,false,0.8653012180630112,0.018010881503590537,0.4499970535423192,0.5108115744279745,database,shuffled-dipeptide,2,8,200,71748,4586050,0.5
337.000,4,0.000,,false,0.8653012180630112,0.018010881503590537,0.4499970535423192,0.5108115744279745,database,shuffled-dipeptide,2,8,200,71748,4586050,0.5
337.500,4,0.000,,false,0.8653012180630112,0.018010881503590537,0.4499970535423192,0.5108115744279745,database,shuffled-dipeptide,2,8,200,71748,4586050,0.5
338.000,4,0.000,,false,0.8653012180630112,0.018010881503590537,0.4499970535423192,0.5108115744279745,database,shuffled-dipeptide,2,8,200,71748,4586050,0.5
338.500,4,0.000,,false,0.8653012180630112,0.018010881503590537,0.4499970535423192,0.5108115744279745,database,shuffled-dipeptide,2,8,200,71748,4586050,0.5
339.000,4,0.000,,false,0.8653012180630112,0.018010881503590537,0.4499970535423192,0.5108115744279745,database,shuffled-dipeptide,2,8,200,71748,4586050,0.5
339.500,4,0.000,,false,0.8653012180630112,0.018010881503590537,0.4499970535423192,0.5108115744279745,database,shuffled-dipeptide,2,8,200,71748,4586050,0.5
340.000,4,0.000,,false,0.8653012180630112,0.018010881503590537,0.4499970535423192,0.5108115744279745,database,shuffled-dipeptide,2,8,200,71748,4586050,0.5
340.500,4,0.000,,false,0.8653012180630112,0.018010881503590537,0.4499970535423192,0.5108115744279745,database,shuffled-dipeptide,2,8,200,71748,4586050,0.5
341.000,4,0.000,,false,0.8653012180630112,0.018010881503590537,0.4499970535423192,0.5108115744279745,database,shuffled-dipeptide,2,8,200,71748,4586050,0.5
341.500,4,0.000,,false,0.8653012180630112,0.018010881503590537,0.4499970535423192,0.5108115744279745,database,shuffled-dipeptide,2,8,200,71748,4586050,0.5
342.000,4,0.000,,false,0.8653012180630112,0.018010881503590537,0.4499970535423192,0.5108115744279745,database,shuffled-dipeptide,2,8,200,71748,4586050,0.5
342.500,4,0.000,,false,0.8653012180630112,0.018010881503590537,0.4499970535423192,0.5108115744279745,database,shuffled-dipeptide,2,8,200,71748,4586050,0.5
343.000,4,0.000,,false,0.8653012180630112,0.018010881503590537,0.4499970535423192,0.5108115744279745,database,shuffled-dipeptide,2,8,200,71748,4586050,0.5
343.500,4,0.000,,false,0.8653012180630112,0.018010881503590537,0.4499970535423192,0.5108115744279745,database,shuffled-dipeptide,2,8,200,71748,4586050,0.5
344.000,4,0.000,,false,0.8653012180630112,0.018010881503590537,0.4499970535423192,0.5108115744279745,database,shuffled-dipeptide,2,8,200,71748,4586050,0.5
344.500,4,0.000,,false,0.8653012180630112,0.018010881503590537,0.4499970535423192,0.5108115744279745,database,shuffled-dipeptide,2,8,200,71748,4586050,0.5
345.000,4,0.000,,false,0.8653012180630112,0.018010881503590537,0.4499970535423192,0.5108115744279745,database,shuffled-dipeptide,2,8,200,71748,4586050,0.5
345.500,4,0.000,,false,0.8653012180630112,0.018010881503590537,0.4499970535423192,0.5108115744279745,database,shuffled-dipeptide,2,8,200,71748,4586050,0.5
346.000,4,0.000,,false,0.8653012180630112,0.018010881503590537,0.4499970535423192,0.5108115744279745,database,shuffled-dipeptide,2,8,200,71748,4586050,0.5
346.500,4,0.000,,false,0.8653012180630112,0.018010881503590537,0.4499970535423192,0.5108115744279745,database,shuffled-dipeptide,2,8,200,71748,4586050,0.5
347.000,4,0.000,,false,0.8653012180630112,0.018010881503590537,0.4499970535423192,0.5108115744279745,database,shuffled-dipeptide,2,8,200,71748,4586050,0.5
347.500,4,0.000,,false,0.8653012180630112,0.018010881503590537,0.4499970535423192,0.5108115744279745,database,shuffled-dipeptide,2,8,200,71748,4586050,0.5
348.000,4,0.000,,false,0.8653012180630112,0.018010881503590537,0.4499970535423192,0.5108115744279745,database,shuffled-dipeptide,2,8,200,71748,4586050,0.5
348.500,4,0.000,,false,0.8653012180630112,0.018010881503590537,0.4499970535423192,0.5108115744279745,database,shuffled-dipeptide,2,8,200,71748,4586050,0.5
349.000,4,0.000,,false,0.8653012180630112,0.018010881503590537,0.4499970535423192,0.5108115744279745,database,shuffled-dipeptide,2,8,200,71748,4586050,0.5
349.500,4,0.000,,false,0.8653012180630112,0.018010881503590537,0.4499970535423192,0.5108115744279745,database,shuffled-dipeptide,2,8,200,71748,4586050,0.5
350.000,4,0.000,,false,0.8653012180630112,0.018010881503590537,0.4499970535423192,0.5108115744279745,database,shuffled-dipeptide,2,8,200,71748,4586050,0.5
350.500,4,0.000,,false,0.8653012180630112,0.018010881503590537,0.4499970535423192,0.5108115744279745,database,shuffled-dipeptide,2,8,200,71748,4586050,0.5
351.000,4,0.000,,false,0.8653012180630112,0.018010881503590537,0.4499970535423192,0.5108115744279745,database,shuffled-dipeptide,2,8,200,71748,4586050,0.5
351.500,4,0.000,,false,0.8653012180630112,0.018010881503590537,0.4499970535423192,0.5108115744279745,database,shuffled-dipeptide,2,8,200,71748,4586050,0.5
352.000,4,0.000,,false,0.8653012180630112,0.018010881503590537,0.4499970535423192,0.5108115744279745,database,shuffled-dipeptide,2,8,200,71748,4586050,0.5
352.500,4,0.000,,false,0.8653012180630112,0.018010881503590537,0.4499970535423192,0.5108115744279745,database,shuffled-dipeptide,2,8,200,71748,4586050,0.5
353.000,4,0.000,,false,0.8653012180630112,0.018010881503590537,0.4499970535423192,0.5108115744279745,database,shuffled-dipeptide,2,8,200,71748,4586050,0.5
353.500,4,0.000,,false,0.8653012180630112,0.018010881503590537,0.4499970535423192,0.5108115744279745,database,shuffled-dipeptide,2,8,200,71748,4586050,0.5
354.000,4,0.000,,false,0.8653012180630112,0.018010881503590537,0.4499970535423192,0.5108115744279745,database,shuffled-dipeptide,2,8,200,71748,4586050,0.5
354.500,4,0.000,,false,0.8653012180630112,0.018010881503590537,0.4499970535423192,0.5108115744279745,database,shuffled-dipeptide,2,8,200,71748,4586050,0.5
355.000,4,0.000,,false,0.8653012180630112,0.018010881503590537,0.4499970535423192,0.5108115744279745,database,shuffled-dipeptide,2,8,200,71748,4586050,0.5
355.500,4,0.000,,false,0.8653012180630112,0.018010881503590537,0.4499970535423192,0.5108115744279745,database,shuffled-dipeptide,2,8,200,71748,4586050,0.5
356.000,4,0.000,,false,0.8653012180630112,0.018010881503590537,0.4499970535423192,0.5108115744279745,database,shuffled-dipeptide,2,8,200,71748,4586050,0.5
356.500,4,0.000,,false,0.8653012180630112,0.018010881503590537,0.4499970535423192,0.5108115744279745,database,shuffled-dipeptide,2,8,200,71748,4586050,0.5
357.000,4,0.000,,false,0.8653012180630112,0.018010881503590537,0.4499970535423192,0.5108115744279745,database,shuffled-dipeptide,2,8,200,71748,4586050,0.5
357.500,4,0.000,,false,0.8653012180630112,0.018010881503590537,0.4499970535423192,0.5108115744279745,database,shuffled-dipeptide,2,8,200,71748,4586050,0.5
358.000,4,0.000,,false,0.8653012180630112,0.018010881503590537,0.4499970535423192,0.5108115744279745,database,shuffled-dipeptide,2,8,200,71748,4586050,0.5
358.500,4,0.000,,false,0.8653012180630112,0.018010881503590537,0.4499970535423192,0.5108115744279745,database,shuffled-dipeptide,2,8,200,71748,4586050,0.5
359.000,4,0.000,,false,0.8653012180630112,0.018010881503590537,0.4499970535423192,0.5108115744279745,database,shuffled-dipeptide,2,8,200,71748,4586050,0.5
359.500,4,0.000,,false,0.8653012180630112,0.018010881503590537,0.4499970535423192,0.5108115744279745,database,shuffled-dipeptide,2,8,200,71748,4586050,0.5
360.000,4,0.000,,false,0.8653012180630112,0.018010881503590537,0.4499970535423192,0.5108115744279745,database,shuffled-dipeptide,2,8,200,71748,4586050,0.5
360.500,4,0.000,,false,0.8653012180630112,0.018010881503590537,0.4499970535423192,0.5108115744279745,database,shuffled-dipeptide,2,8,200,71748,4586050,0.5
361.000,4,0.000,,false,0.8653012180630112,0.018010881503590537,0.4499970535423192,0.5108115744279745,database,shuffled-dipeptide,2,8,200,71748,4586050,0.5
361.500,4,0.000,,false,0.8653012180630112,0.018010881503590537,0.4499970535423192,0.5108115744279745,database,shuffled-dipeptide,2,8,200,71748,4586050,0.5
362.000,4,0.000,,false,0.8653012180630112,0.018010881503590537,0.4499970535423192,0.5108115744279745,database,shuffled-dipeptide,2,8,200,71748,4586050,0.5
362.500,4,0.000,,false,0.8653012180630112,0.018010881503590537,0.4499970535423192,0.5108115744279745,database,shuffled-dipeptide,2,8,200,71748,4586050,0.5
363.000,4,0.000,,false,0.8653012180630112,0.018010881503590537,0.4499970535423192,0.5108115744279745,database,shuffled-dipeptide,2,8,200,71748,4586050,0.5
363.500,4,0.000,,false,0.8653012180630112,0.018010881503590537,0.4499970535423192,0.5108115744279745,database,shuffled-dipeptide,2,8,200,71748,4586050,0.5
364.000,4,0.000,,false,0.8653012180630112,0.018010881503590537,0.4499970535423192,0.5108115744279745,database,shuffled-dipeptide,2,8,200,71748,4586050,0.5
364.500,4,0.000,,false,0.8653012180630112,0.018010881503590537,0.4499970535423192,0.5108115744279745,database,shuffled-dipeptide,2,8,200,71748,4586050,0.5
365.000,4,0.000,,false,0.8653012180630112,0.018010881503590537,0.4499970535423192,0.5108115744279745,database,shuffled-dipeptide,2,8,200,71748,4586050,0.5
365.500,4,0.000,,false,0.8653012180630112,0.018010881503590537,0.4499970535423192,0.5108115744279745,database,shuffled-dipeptide,2,8,200,71748,4586050,0.5
366.000,4,0.000,,false,0.8653012180630112,0.018010881503590537,0.4499970535423192,0.5108115744279745,database,shuffled-dipeptide,2,8,200,71748,4586050,0.5
366.500,4,0.000,,false,0.8653012180630112,0.018010881503590537,0.4499970535423192,0.5108115744279745,database,shuffled-dipeptide,2,8,200,71748,4586050,0.5
367.000,4,0.000,,false,0.8653012180630112,0.018010881503590537,0.4499970535423192,0.5108115744279745,database,shuffled-dipeptide,2,8,200,71748,4586050,0.5
367.500,4,0.000,,false,0.8653012180630112,0.018010881503590537,0.4499970535423192,0.5108115744279745,database,shuffled-dipeptide,2,8,200,71748,4586050,0.5
368.000,4,0.000,,false,0.8653012180630112,0.018010881503590537,0.4499970535423192,0.5108115744279745,database,shuffled-dipeptide,2,8,200,71748,4586050,0.5
368.500,4,0.000,,false,0.8653012180630112,0.018010881503590537,0.4499970535423192,0.5108115744279745,database,shuffled-dipeptide,2,8,200,71748,4586050,0.5
369.000,4,0.000,,false,0.8653012180630112,0.018010881503590537,0.4499970535423192,0.5108115744279745,database,shuffled-dipeptide,2,8,200,71748,4586050,0.5
369.500,4,0.000,,false,0.8653012180630112,0.018010881503590537,0.4499970535423192,0.5108115744279745,database,shuffled-dipeptide,2,8,200,71748,4586050,0.5
370.000,4,0.000,,false,0.8653012180630112,0.018010881503590537,0.4499970535423192,0.5108115744279745,database,shuffled-dipeptide,2,8,200,71748,4586050,0.5
370.500,4,0.000,,false,0.8653012180630112,0.018010881503590537,0.4499970535423192,0.5108115744279745,database,shuffled-dipeptide,2,8,200,71748,4586050,0.5
371.000,4,0.000,,false,0.8653012180630112,0.018010881503590537,0.4499970535423192,0.5108115744279745,database,shuffled-dipeptide,2,8,200,71748,4586050,0.5
371.500,4,0.000,,false,0.8653012180630112,0.018010881503590537,0.4499970535423192,0.5108115744279745,database,shuffled-dipeptide,2,8,200,71748,4586050,0.5
372.000,4,0.000,,false,0.8653012180630112,0.018010881503590537,0.4499970535423192,0.5108115744279745,database,shuffled-dipeptide,2,8,200,71748,4586050,0.5
372.500,4,0.000,,false,0.8653012180630112,0.018010881503590537,0.4499970535423192,0.5108115744279745,database,shuffled-dipeptide,2,8,200,71748,4586050,0.5
373.000,4,0.000,,false,0.8653012180630112,0.018010881503590537,0.4499970535423192,0.5108115744279745,database,shuffled-dipeptide,2,8,200,71748,4586050,0.5
373.500,4,0.000,,false,0.8653012180630112,0.018010881503590537,0.4499970535423192,0.5108115744279745,database,shuffled-dipeptide,2,8,200,71748,4586050,0.5
374.000,4,0.000,,false,0.8653012180630112,0.018010881503590537,0.4499970535423192,0.5108115744279745,database,shuffled-dipeptide,2,8,200,71748,4586050,0.5
374.500,4,0.000,,false,0.8653012180630112,0.018010881503590537,0.4499970535423192,0.5108115744279745,database,shuffled-dipeptide,2,8,200,71748,4586050,0.5
375.000,4,0.000,,false,0.8653012180630112,0.018010881503590537,0.4499970535423192,0.5108115744279745,database,shuffled-dipeptide,2,8,200,71748,4586050,0.5
375.500,4,0.000,,false,0.8653012180630112,0.018010881503590537,0.4499970535423192,0.5108115744279745,database,shuffled-dipeptide,2,8,200,71748,4586050,0.5
376.000,4,0.000,,false,0.8653012180630112,0.018010881503590537,0.4499970535423192,0.5108115744279745,database,shuffled-dipeptide,2,8,200,71748,4586050,0.5
376.500,4,0.000,,false,0.8653012180630112,0.018010881503590537,0.4499970535423192,0.5108115744279745,database,shuffled-dipeptide,2,8,200,71748,4586050,0.5
377.000,4,0.000,,false,0.8653012180630112,0.018010881503590537,0.4499970535423192,0.5108115744279745,database,shuffled-dipeptide,2,8,200,71748,4586050,0.5
377.500,4,0.000,,false,0.8653012180630112,0.018010881503590537,0.4499970535423192,0.5108115744279745,database,shuffled-dipeptide,2,8,200,71748,4586050,0.5
378.000,4,0.000,,false,0.8653012180630112,0.018010881503590537,0.4499970535423192,0.5108115744279745,database,shuffled-dipeptide,2,8,200,71748,4586050,0.5
378.500,4,0.000,,false,0.8653012180630112,0.018010881503590537,0.4499970535423192,0.5108115744279745,database,shuffled-dipeptide,2,8,200,71748,4586050,0.5
379.000,4,0.000,,false,0.8653012180630112,0.018010881503590537,0.4499970535423192,0.5108115744279745,database,shuffled-dipeptide,2,8,200,71748,4586050,0.5
379.500,4,0.000,,false,0.8653012180630112,0.018010881503590537,0.4499970535423192,0.5108115744279745,database,shuffled-dipeptide,2,8,200,71748,4586050,0.5
380.000,4,0.000,,false,0.8653012180630112,0.018010881503590537,0.4499970535423192,0.5108115744279745,database,shuffled-dipeptide,2,8,200,71748,4586050,0.5
380.500,4,0.000,,false,0.8653012180630112,0.018010881503590537,0.4499970535423192,0.5108115744279745,database,shuffled-dipeptide,2,8,200,71748,4586050,0.5
381.000,4,0.000,,false,0.8653012180630112,0.018010881503590537,0.4499970535423192,0.5108115744279745,database,shuffled-dipeptide,2,8,200,71748,4586050,0.5
381.500,4,0.000,,false,0.8653012180630112,0.018010881503590537,0.4499970535423192,0.5108115744279745,database,shuffled-dipeptide,2,8,200,71748,4586050,0.5
382.000,4,0.000,,false,0.8653012180630112,0.018010881503590537,0.4499970535423192,0.5108115744279745,database,shuffled-dipeptide,2,8,200,71748,4586050,0.5
382.500,4,0.000,,false,0.8653012180630112,0.018010881503590537,0.4499970535423192,0.5108115744279745,database,shuffled-dipeptide,2,8,200,71748,4586050,0.5
383.000,4,0.000,,false,0.8653012180630112,0.018010881503590537,0.4499970535423192,0.5108115744279745,database,shuffled-dipeptide,2,8,200,71748,4586050,0.5
383.500,4,0.000,,false,0.8653012180630112,0.018010881503590537,0.4499970535423192,0.5108115744279745,database,shuffled-dipeptide,2,8,200,71748,4586050,0.5
384.000,4,0.000,,false,0.8653012180630112,0.018010881503590537,0.4499970535423192,0.5108115744279745,database,shuffled-dipeptide,2,8,200,71748,4586050,0.5
384.500,4,0.000,,false,0.8653012180630112,0.018010881503590537,0.4499970535423192,0.5108115744279745,database,shuffled-dipeptide,2,8,200,71748,4586050,0.5
385.000,4,0.000,,false,0.8653012180630112,0.018010881503590537,0.4499970535423192,0.5108115744279745,database,shuffled-dipeptide,2,8,200,71748,4586050,0.5
385.500,4,0.000,,false,0.8653012180630112,0.018010881503590537,0.4499970535423192,0.5108115744279745,database,shuffled-dipeptide,2,8,200,71748,4586050,0.5
386.000,4,0.000,,false,0.8653012180630112,0.018010881503590537,0.4499970535423192,0.5108115744279745,database,shuffled-dipeptide,2,8,200,71748,4586050,0.5
386.500,4,0.000,,false,0.8653012180630112,0.018010881503590537,0.4499970535423192,0.5108115744279745,database,shuffled-dipeptide,2,8,200,71748,4586050,0.5
387.000,4,0.000,,false,0.8653012180630112,0.018010881503590537,0.4499970535423192,0.5108115744279745,database,shuffled-dipeptide,2,8,200,71748,4586050,0.5
387.500,4,0.000,,false,0.8653012180630112,0.018010881503590537,0.4499970535423192,0.5108115744279745,database,shuffled-dipeptide,2,8,200,71748,4586050,0.5
388.000,4,0.000,,false,0.8653012180630112,0.018010881503590537,0.4499970535423192,0.5108115744279745,database,shuffled-dipeptide,2,8,200,71748,4586050,0.5
388.500,4,0.000,,false,0.8653012180630112,0.018010881503590537,0.4499970535423192,0.5108115744279745,database,shuffled-dipeptide,2,8,200,71748,4586050,0.5
389.000,4,0.000,,false,0.8653012180630112,0.018010881503590537,0.4499970535423192,0.5108115744279745,database,shuffled-dipeptide,2,8,200,71748,4586050,0.5
389.500,4,0.000,,false,0.8653012180630112,0.018010881503590537,0.4499970535423192,0.5108115744279745,database,shuffled-dipeptide,2,8,200,71748,4586050,0.5
390.000,4,0.000,,false,0.8653012180630112,0.018010881503590537,0.4499970535423192,0.5108115744279745,database,shuffled-dipeptide,2,8,200,71748,4586050,0.5
390.500,4,0.000,,false,0.8653012180630112,0.018010881503590537,0.4499970535423192,0.5108115744279745,database,shuffled-dipeptide,2,8,200,71748,4586050,0.5
391.000,4,0.000,,false,0.8653012180630112,0.018010881503590537,0.4499970535423192,0.5108115744279745,database,shuffled-dipeptide,2,8,200,71748,4586050,0.5
391.500,4,0.000,,false,0.8653012180630112,0.018010881503590537,0.4499970535423192,0.5108115744279745,database,shuffled-dipeptide,2,8,200,71748,4586050,0.5
392.000,4,0.000,,false,0.8653012180630112,0.018010881503590537,0.4499970535423192,0.5108115744279745,database,shuffled-dipeptide,2,8,200,71748,4586050,0.5
392.500,4,0.000,,false,0.8653012180630112,0.018010881503590537,0.4499970535423192,0.5108115744279745,database,shuffled-dipeptide,2,8,200,71748,4586050,0.5
393.000,4,0.000,,false,0.8653012180630112,0.018010881503590537,0.4499970535423192,0.5108115744279745,database,shuffled-dipeptide,2,8,200,71748,4586050,0.5
393.500,4,0.000,,false,0.8653012180630112,0.018010881503590537,0.4499970535423192,0.5108115744279745,database,shuffled-dipeptide,2,8,200,71748,4586050,0.5
394.000,4,0.000,,false,0.8653012180630112,0.018010881503590537,0.4499970535423192,0.5108115744279745,database,shuffled-dipeptide,2,8,200,71748,4586050,0.5
394.500,4,0.000,,false,0.8653012180630112,0.018010881503590537,0.4499970535423192,0.5108115744279745,database,shuffled-dipeptide,2,8,200,71748,4586050,0.5
395.000,4,0.000,,false,0.8653012180630112,0.018010881503590537,0.4499970535423192,0.5108115744279745,database,shuffled-dipeptide,2,8,200,71748,4586050,0.5
395.500,4,0.000,,false,0.8653012180630112,0.018010881503590537,0.4499970535423192,0.5108115744279745,database,shuffled-dipeptide,2,8,200,71748,4586050,0.5
396.000,4,0.000,,false,0.8653012180630112,0.018010881503590537,0.4499970535423192,0.5108115744279745,database,shuffled-dipeptide,2,8,200,71748,4586050,0.5
396.500,4,0.000,,false,0.8653012180630112,0.018010881503590537,0.4499970535423192,0.5108115744279745,database,shuffled-dipeptide,2,8,200,71748,4586050,0.5
397.000,4,0.000,,false,0.8653012180630112,0.018010881503590537,0.4499970535423192,0.5108115744279745,database,shuffled-dipeptide,2,8,200,71748,4586050,0.5
397.500,4,0.000,,false,0.8653012180630112,0.018010881503590537,0.4499970535423192,0.5108115744279745,database,shuffled-dipeptide,2,8,200,71748,4586050,0.5
398.000,4,0.000,,false,0.8653012180630112,0.018010881503590537,0.4499970535423192,0.5108115744279745,database,shuffled-dipeptide,2,8,200,71748,4586050,0.5
398.500,4,0.000,,false,0.8653012180630112,0.018010881503590537,0.4499970535423192,0.5108115744279745,database,shuffled-dipeptide,2,8,200,71748,4586050,0.5
399.000,4,0.000,,false,0.8653012180630112,0.018010881503590537,0.4499970535423192,0.5108115744279745,database,shuffled-dipeptide,2,8,200,71748,4586050,0.5
399.500,4,0.000,,false,0.8653012180630112,0.018010881503590537,0.4499970535423192,0.5108115744279745,database,shuffled-dipeptide,2,8,200,71748,4586050,0.5
400.000,4,0.000,,false,0.8653012180630112,0.018010881503590537,0.4499970535423192,0.5108115744279745,database,shuffled-dipeptide,2,8,200,71748,4586050,0.5
400.500,4,0.000,,false,0.8653012180630112,0.018010881503590537,0.4499970535423192,0.5108115744279745,database,shuffled-dipeptide,2,8,200,71748,4586050,0.5
401.000,4,0.000,,false,0.8653012180630112,0.018010881503590537,0.4499970535423192,0.5108115744279745,database,shuffled-dipeptide,2,8,200,71748,4586050,0.5
401.500,4,0.000,,false,0.8653012180630112,0.018010881503590537,0.4499970535423192,0.5108115744279745,database,shuffled-dipeptide,2,8,200,71748,4586050,0.5
402.000,4,0.000,,false,0.8653012180630112,0.018010881503590537,0.4499970535423192,0.5108115744279745,database,shuffled-dipeptide,2,8,200,71748,4586050,0.5
402.500,4,0.000,,false,0.8653012180630112,0.018010881503590537,0.4499970535423192,0.5108115744279745,database,shuffled-dipeptide,2,8,200,71748,4586050,0.5
403.000,4,0.000,,false,0.8653012180630112,0.018010881503590537,0.4499970535423192,0.5108115744279745,database,shuffled-dipeptide,2,8,200,71748,4586050,0.5
403.500,4,0.000,,false,0.8653012180630112,0.018010881503590537,0.4499970535423192,0.5108115744279745,database,shuffled-dipeptide,2,8,200,71748,4586050,0.5
404.000,4,0.000,,false,0.8653012180630112,0.018010881503590537,0.4499970535423192,0.5108115744279745,database,shuffled-dipeptide,2,8,200,71748,4586050,0.5
404.500,4,0.000,,false,0.8653012180630112,0.018010881503590537,0.4499970535423192,0.5108115744279745,database,shuffled-dipeptide,2,8,200,71748,4586050,0.5
405.000,4,0.000,,false,0.8653012180630112,0.018010881503590537,0.4499970535423192,0.5108115744279745,database,shuffled-dipeptide,2,8,200,71748,4586050,0.5
405.500,4,0.000,,false,0.8653012180630112,0.018010881503590537,0.4499970535423192,0.5108115744279745,database,shuffled-dipeptide,2,8,200,71748,4586050,0.5
406.000,4,0.000,,false,0.8653012180630112,0.018010881503590537,0.4499970535423192,0.5108115744279745,database,shuffled-dipeptide,2,8,200,71748,4586050,0.5
406.500,4,0.000,,false,0.8653012180630112,0.018010881503590537,0.4499970535423192,0.5108115744279745,database,shuffled-dipeptide,2,8,200,71748,4586050,0.5
407.000,4,0.000,,false,0.8653012180630112,0.018010881503590537,0.4499970535423192,0.5108115744279745,database,shuffled-dipeptide,2,8,200,71748,4586050,0.5
407.500,4,0.000,,false,0.8653012180630112,0.018010881503590537,0.4499970535423192,0.5108115744279745,database,shuffled-dipeptide,2,8,200,71748,4586050,0.5
408.000,4,0.000,,false,0.8653012180630112,0.018010881503590537,0.4499970535423192,0.5108115744279745,database,shuffled-dipeptide,2,8,200,71748,4586050,0.5
408.500,4,0.000,,false,0.8653012180630112,0.018010881503590537,0.4499970535423192,0.5108115744279745,database,shuffled-dipeptide,2,8,200,71748,4586050,0.5
409.000,4,0.000,,false,0.8653012180630112,0.018010881503590537,0.4499970535423192,0.5108115744279745,database,shuffled-dipeptide,2,8,200,71748,4586050,0.5
409.500,4,0.000,,false,0.8653012180630112,0.018010881503590537,0.4499970535423192,0.5108115744279745,database,shuffled-dipeptide,2,8,200,71748,4586050,0.5
410.000,4,0.000,,false,0.8653012180630112,0.018010881503590537,0.4499970535423192,0.5108115744279745,database,shuffled-dipeptide,2,8,200,71748,4586050,0.5
410.500,4,0.000,,false,0.8653012180630112,0.018010881503590537,0.4499970535423192,0.5108115744279745,database,shuffled-dipeptide,2,8,200,71748,4586050,0.5
411.000,4,0.000,,false,0.8653012180630112,0.018010881503590537,0.4499970535423192,0.5108115744279745,database,shuffled-dipeptide,2,8,200,71748,4586050,0.5
411.500,4,0.000,,false,0.8653012180630112,0.018010881503590537,0.4499970535423192,0.5108115744279745,database,shuffled-dipeptide,2,8,200,71748,4586050,0.5
412.000,4,0.000,,false,0.8653012180630112,0.018010881503590537,0.4499970535423192,0.5108115744279745,database,shuffled-dipeptide,2,8,200,71748,4586050,0.5
412.500,4,0.000,,false,0.8653012180630112,0.018010881503590537,0.4499970535423192,0.5108115744279745,database,shuffled-dipeptide,2,8,200,71748,4586050,0.5
413.000,4,0.000,,false,0.8653012180630112,0.018010881503590537,0.4499970535423192,0.5108115744279745,database,shuffled-dipeptide,2,8,200,71748,4586050,0.5
413.500,4,0.000,,false,0.8653012180630112,0.018010881503590537,0.4499970535423192,0.5108115744279745,database,shuffled-dipeptide,2,8,200,71748,4586050,0.5
414.000,3,0.000,,false,0.8653012180630112,0.018010881503590537,0.4499970535423192,0.5108115744279745,database,shuffled-dipeptide,2,8,200,71748,4586050,0.5
414.500,3,0.000,,false,0.8653012180630112,0.018010881503590537,0.4499970535423192,0.5108115744279745,database,shuffled-dipeptide,2,8,200,71748,4586050,0.5
415.000,3,0.000,,false,0.8653012180630112,0.018010881503590537,0.4499970535423192,0.5108115744279745,database,shuffled-dipeptide,2,8,200,71748,4586050,0.5
415.500,3,0.000,,false,0.8653012180630112,0.018010881503590537,0.4499970535423192,0.5108115744279745,database,shuffled-dipeptide,2,8,200,71748,4586050,0.5
416.000,3,0.000,,false,0.8653012180630112,0.018010881503590537,0.4499970535423192,0.5108115744279745,database,shuffled-dipeptide,2,8,200,71748,4586050,0.5
416.500,3,0.000,,false,0.8653012180630112,0.018010881503590537,0.4499970535423192,0.5108115744279745,database,shuffled-dipeptide,2,8,200,71748,4586050,0.5
417.000,3,0.000,,false,0.8653012180630112,0.018010881503590537,0.4499970535423192,0.5108115744279745,database,shuffled-dipeptide,2,8,200,71748,4586050,0.5
417.500,3,0.000,,false,0.8653012180630112,0.018010881503590537,0.4499970535423192,0.5108115744279745,database,shuffled-dipeptide,2,8,200,71748,4586050,0.5
418.000,3,0.000,,false,0.8653012180630112,0.018010881503590537,0.4499970535423192,0.5108115744279745,database,shuffled-dipeptide,2,8,200,71748,4586050,0.5
418.500,3,0.000,,false,0.8653012180630112,0.018010881503590537,0.4499970535423192,0.5108115744279745,database,shuffled-dipeptide,2,8,200,71748,4586050,0.5
419.000,3,0.000,,false,0.8653012180630112,0.018010881503590537,0.4499970535423192,0.5108115744279745,database,shuffled-dipeptide,2,8,200,71748,4586050,0.5
419.500,3,0.000,,false,0.8653012180630112,0.018010881503590537,0.4499970535423192,0.5108115744279745,database,shuffled-dipeptide,2,8,200,71748,4586050,0.5
420.000,3,0.000,,false,0.8653012180630112,0.018010881503590537,0.4499970535423192,0.5108115744279745,database,shuffled-dipeptide,2,8,200,71748,4586050,0.5
420.500,3,0.000,,false,0.8653012180630112,0.018010881503590537,0.4499970535423192,0.5108115744279745,database,shuffled-dipeptide,2,8,200,71748,4586050,0.5
421.000,3,0.000,,false,0.8653012180630112,0.018010881503590537,0.4499970535423192,0.5108115744279745,database,shuffled-dipeptide,2,8,200,71748,4586050,0.5
421.500,3,0.000,,false,0.8653012180630112,0.018010881503590537,0.4499970535423192,0.5108115744279745,database,shuffled-dipeptide,2,8,200,71748,4586050,0.5
422.000,3,0.000,,false,0.8653012180630112,0.018010881503590537,0.4499970535423192,0.5108115744279745,database,shuffled-dipeptide,2,8,200,71748,4586050,0.5
422.500,3,0.000,,false,0.8653012180630112,0.018010881503590537,0.4499970535423192,0.5108115744279745,database,shuffled-dipeptide,2,8,200,71748,4586050,0.5
423.000,3,0.000,,false,0.8653012180630112,0.018010881503590537,0.4499970535423192,0.5108115744279745,database,shuffled-dipeptide,2,8,200,71748,4586050,0.5
423.500,3,0.000,,false,0.8653012180630112,0.018010881503590537,0.4499970535423192,0.5108115744279745,database,shuffled-dipeptide,2,8,200,71748,4586050,0.5
424.000,3,0.000,,false,0.8653012180630112,0.018010881503590537,0.4499970535423192,0.5108115744279745,database,shuffled-dipeptide,2,8,200,71748,4586050,0.5
424.500,3,0.000,,false,0.8653012180630112,0.018010881503590537,0.4499970535423192,0.5108115744279745,database,shuffled-dipeptide,2,8,200,71748,4586050,0.5
425.000,3,0.000,,false,0.8653012180630112,0.018010881503590537,0.4499970535423192,0.5108115744279745,database,shuffled-dipeptide,2,8,200,71748,4586050,0.5
425.500,3,0.000,,false,0.8653012180630112,0.018010881503590537,0.4499970535423192,0.5108115744279745,database,shuffled-dipeptide,2,8,200,71748,4586050,0.5
426.000,3,0.000,,false,0.8653012180630112,0.018010881503590537,0.4499970535423192,0.5108115744279745,database,shuffled-dipeptide,2,8,200,71748,4586050,0.5
426.500,3,0.000,,false,0.8653012180630112,0.018010881503590537,0.4499970535423192,0.5108115744279745,database,shuffled-dipeptide,2,8,200,71748,4586050,0.5
427.000,3,0.000,,false,0.8653012180630112,0.018010881503590537,0.4499970535423192,0.5108115744279745,database,shuffled-dipeptide,2,8,200,71748,4586050,0.5
427.500,3,0.000,,false,0.8653012180630112,0.018010881503590537,0.4499970535423192,0.5108115744279745,database,shuffled-dipeptide,2,8,200,71748,4586050,0.5
428.000,3,0.000,,false,0.8653012180630112,0.018010881503590537,0.4499970535423192,0.5108115744279745,database,shuffled-dipeptide,2,8,200,71748,4586050,0.5
428.500,3,0.000,,false,0.8653012180630112,0.018010881503590537,0.4499970535423192,0.5108115744279745,database,shuffled-dipeptide,2,8,200,71748,4586050,0.5
429.000,3,0.000,,false,0.8653012180630112,0.018010881503590537,0.4499970535423192,0.5108115744279745,database,shuffled-dipeptide,2,8,200,71748,4586050,0.5
429.500,2,0.000,,false,0.8653012180630112,0.018010881503590537,0.4499970535423192,0.5108115744279745,database,shuffled-dipeptide,2,8,200,71748,4586050,0.5
430.000,2,0.000,,false,0.8653012180630112,0.018010881503590537,0.4499970535423192,0.5108115744279745,database,shuffled-dipeptide,2,8,200,71748,4586050,0.5
430.500,2,0.000,,false,0.8653012180630112,0.018010881503590537,0.4499970535423192,0.5108115744279745,database,shuffled-dipeptide,2,8,200,71748,4586050,0.5
431.000,2,0.000,,false,0.8653012180630112,0.018010881503590537,0.4499970535423192,0.5108115744279745,database,shuffled-dipeptide,2,8,200,71748,4586050,0.5
431.500,2,0.000,,false,0.8653012180630112,0.018010881503590537,0.4499970535423192,0.5108115744279745,database,shuffled-dipeptide,2,8,200,71748,4586050,0.5
432.000,2,0.000,,false,0.8653012180630112,0.018010881503590537,0.4499970535423192,0.5108115744279745,database,shuffled-dipeptide,2,8,200,71748,4586050,0.5
432.500,2,0.000,,false,0.8653012180630112,0.018010881503590537,0.4499970535423192,0.5108115744279745,database,shuffled-dipeptide,2,8,200,71748,4586050,0.5
433.000,2,0.000,,false,0.8653012180630112,0.018010881503590537,0.4499970535423192,0.5108115744279745,database,shuffled-dipeptide,2,8,200,71748,4586050,0.5
433.500,2,0.000,,false,0.8653012180630112,0.018010881503590537,0.4499970535423192,0.5108115744279745,database,shuffled-dipeptide,2,8,200,71748,4586050,0.5
434.000,2,0.000,,false,0.8653012180630112,0.018010881503590537,0.4499970535423192,0.5108115744279745,database,shuffled-dipeptide,2,8,200,71748,4586050,0.5
434.500,2,0.000,,false,0.8653012180630112,0.018010881503590537,0.4499970535423192,0.5108115744279745,database,shuffled-dipeptide,2,8,200,71748,4586050,0.5
435.000,2,0.000,,false,0.8653012180630112,0.018010881503590537,0.4499970535423192,0.5108115744279745,database,shuffled-dipeptide,2,8,200,71748,4586050,0.5
435.500,2,0.000,,false,0.8653012180630112,0.018010881503590537,0.4499970535423192,0.5108115744279745,database,shuffled-dipeptide,2,8,200,71748,4586050,0.5
436.000,2,0.000,,false,0.8653012180630112,0.018010881503590537,0.4499970535423192,0.5108115744279745,database,shuffled-dipeptide,2,8,200,71748,4586050,0.5
436.500,2,0.000,,false,0.8653012180630112,0.018010881503590537,0.4499970535423192,0.5108115744279745,database,shuffled-dipeptide,2,8,200,71748,4586050,0.5
437.000,2,0.000,,false,0.8653012180630112,0.018010881503590537,0.4499970535423192,0.5108115744279745,database,shuffled-dipeptide,2,8,200,71748,4586050,0.5
437.500,2,0.000,,false,0.8653012180630112,0.018010881503590537,0.4499970535423192,0.5108115744279745,database,shuffled-dipeptide,2,8,200,71748,4586050,0.5
438.000,2,0.000,,false,0.8653012180630112,0.018010881503590537,0.4499970535423192,0.5108115744279745,database,shuffled-dipeptide,2,8,200,71748,4586050,0.5
438.500,2,0.000,,false,0.8653012180630112,0.018010881503590537,0.4499970535423192,0.5108115744279745,database,shuffled-dipeptide,2,8,200,71748,4586050,0.5
439.000,2,0.000,,false,0.8653012180630112,0.018010881503590537,0.4499970535423192,0.5108115744279745,database,shuffled-dipeptide,2,8,200,71748,4586050,0.5
439.500,2,0.000,,false,0.8653012180630112,0.018010881503590537,0.4499970535423192,0.5108115744279745,database,shuffled-dipeptide,2,8,200,71748,4586050,0.5
440.000,2,0.000,,false,0.8653012180630112,0.018010881503590537,0.4499970535423192,0.5108115744279745,database,shuffled-dipeptide,2,8,200,71748,4586050,0.5
440.500,2,0.000,,false,0.8653012180630112,0.018010881503590537,0.4499970535423192,0.5108115744279745,database,shuffled-dipeptide,2,8,200,71748,4586050,0.5
441.000,2,0.000,,false,0.8653012180630112,0.018010881503590537,0.4499970535423192,0.5108115744279745,database,shuffled-dipeptide,2,8,200,71748,4586050,0.5
441.500,2,0.000,,false,0.8653012180630112,0.018010881503590537,0.4499970535423192,0.5108115744279745,database,shuffled-dipeptide,2,8,200,71748,4586050,0.5
442.000,2,0.000,,false,0.8653012180630112,0.018010881503590537,0.4499970535423192,0.5108115744279745,database,shuffled-dipeptide,2,8,200,71748,4586050,0.5
442.500,2,0.000,,false,0.8653012180630112,0.018010881503590537,0.4499970535423192,0.5108115744279745,database,shuffled-dipeptide,2,8,200,71748,4586050,0.5
443.000,2,0.000,,false,0.8653012180630112,0.018010881503590537,0.4499970535423192,0.5108115744279745,database,shuffled-dipeptide,2,8,200,71748,4586050,0.5
443.500,2,0.000,,false,0.8653012180630112,0.018010881503590537,0.4499970535423192,0.5108115744279745,database,shuffled-dipeptide,2,8,200,71748,4586050,0.5
444.000,2,0.000,,false,0.8653012180630112,0.018010881503590537,0.4499970535423192,0.5108115744279745,database,shuffled-dipeptide,2,8,200,71748,4586050,0.5
444.500,2,0.000,,false,0.8653012180630112,0.018010881503590537,0.4499970535423192,0.5108115744279745,database,shuffled-dipeptide,2,8,200,71748,4586050,0.5
445.000,2,0.000,,false,0.8653012180630112,0.018010881503590537,0.4499970535423192,0.5108115744279745,database,shuffled-dipeptide,2,8,200,71748,4586050,0.5
445.500,2,0.000,,false,0.8653012180630112,0.018010881503590537,0.4499970535423192,0.5108115744279745,database,shuffled-dipeptide,2,8,200,71748,4586050,0.5
446.000,2,0.000,,false,0.8653012180630112,0.018010881503590537,0.4499970535423192,0.5108115744279745,database,shuffled-dipeptide,2,8,200,71748,4586050,0.5
446.500,2,0.000,,false,0.8653012180630112,0.018010881503590537,0.4499970535423192,0.5108115744279745,database,shuffled-dipeptide,2,8,200,71748,4586050,0.5
447.000,2,0.000,,false,0.8653012180630112,0.018010881503590537,0.4499970535423192,0.5108115744279745,database,shuffled-dipeptide,2,8,200,71748,4586050,0.5
447.500,2,0.000,,false,0.8653012180630112,0.018010881503590537,0.4499970535423192,0.5108115744279745,database,shuffled-dipeptide,2,8,200,71748,4586050,0.5
448.000,2,0.000,,false,0.8653012180630112,0.018010881503590537,0.4499970535423192,0.5108115744279745,database,shuffled-dipeptide,2,8,200,71748,4586050,0.5
448.500,2,0.000,,false,0.8653012180630112,0.018010881503590537,0.4499970535423192,0.5108115744279745,database,shuffled-dipeptide,2,8,200,71748,4586050,0.5
449.000,2,0.000,,false,0.8653012180630112,0.018010881503590537,0.4499970535423192,0.5108115744279745,database,shuffled-dipeptide,2,8,200,71748,4586050,0.5
449.500,2,0.000,,false,0.8653012180630112,0.018010881503590537,0.4499970535423192,0.5108115744279745,database,shuffled-dipeptide,2,8,200,71748,4586050,0.5
450.000,2,0.000,,false,0.8653012180630112,0.018010881503590537,0.4499970535423192,0.5108115744279745,database,shuffled-dipeptide,2,8,200,71748,4586050,0.5
450.500,2,0.000,,false,0.8653012180630112,0.018010881503590537,0.4499970535423192,0.5108115744279745,database,shuffled-dipeptide,2,8,200,71748,4586050,0.5
451.000,2,0.000,,false,0.8653012180630112,0.018010881503590537,0.4499970535423192,0.5108115744279745,database,shuffled-dipeptide,2,8,200,71748,4586050,0.5
451.500,2,0.000,,false,0.8653012180630112,0.018010881503590537,0.4499970535423192,0.5108115744279745,database,shuffled-dipeptide,2,8,200,71748,4586050,0.5
452.000,2,0.000,,false,0.8653012180630112,0.018010881503590537,0.4499970535423192,0.5108115744279745,database,shuffled-dipeptide,2,8,200,71748,4586050,0.5
452.500,2,0.000,,false,0.8653012180630112,0.018010881503590537,0.4499970535423192,0.5108115744279745,database,shuffled-dipeptide,2,8,200,71748,4586050,0.5
453.000,2,0.000,,false,0.8653012180630112,0.018010881503590537,0.4499970535423192,0.5108115744279745,database,shuffled-dipeptide,2,8,200,71748,4586050,0.5
453.500,2,0.000,,false,0.8653012180630112,0.018010881503590537,0.4499970535423192,0.5108115744279745,database,shuffled-dipeptide,2,8,200,71748,4586050,0.5
454.000,2,0.000,,false,0.8653012180630112,0.018010881503590537,0.4499970535423192,0.5108115744279745,database,shuffled-dipeptide,2,8,200,71748,4586050,0.5
454.500,2,0.000,,false,0.8653012180630112,0.018010881503590537,0.4499970535423192,0.5108115744279745,database,shuffled-dipeptide,2,8,200,71748,4586050,0.5
455.000,2,0.000,,false,0.8653012180630112,0.018010881503590537,0.4499970535423192,0.5108115744279745,database,shuffled-dipeptide,2,8,200,71748,4586050,0.5
455.500,2,0.000,,false,0.8653012180630112,0.018010881503590537,0.4499970535423192,0.5108115744279745,database,shuffled-dipeptide,2,8,200,71748,4586050,0.5
456.000,2,0.000,,false,0.8653012180630112,0.018010881503590537,0.4499970535423192,0.5108115744279745,database,shuffled-dipeptide,2,8,200,71748,4586050,0.5
456.500,2,0.000,,false,0.8653012180630112,0.018010881503590537,0.4499970535423192,0.5108115744279745,database,shuffled-dipeptide,2,8,200,71748,4586050,0.5
457.000,2,0.000,,false,0.8653012180630112,0.018010881503590537,0.4499970535423192,0.5108115744279745,database,shuffled-dipeptide,2,8,200,71748,4586050,0.5
457.500,2,0.000,,false,0.8653012180630112,0.018010881503590537,0.4499970535423192,0.5108115744279745,database,shuffled-dipeptide,2,8,200,71748,4586050,0.5
458.000,2,0.000,,false,0.8653012180630112,0.018010881503590537,0.4499970535423192,0.5108115744279745,database,shuffled-dipeptide,2,8,200,71748,4586050,0.5
458.500,2,0.000,,false,0.8653012180630112,0.018010881503590537,0.4499970535423192,0.5108115744279745,database,shuffled-dipeptide,2,8,200,71748,4586050,0.5
459.000,2,0.000,,false,0.8653012180630112,0.018010881503590537,0.4499970535423192,0.5108115744279745,database,shuffled-dipeptide,2,8,200,71748,4586050,0.5
459.500,2,0.000,,false,0.8653012180630112,0.018010881503590537,0.4499970535423192,0.5108115744279745,database,shuffled-dipeptide,2,8,200,71748,4586050,0.5
460.000,2,0.000,,false,0.8653012180630112,0.018010881503590537,0.4499970535423192,0.5108115744279745,database,shuffled-dipeptide,2,8,200,71748,4586050,0.5
460.500,2,0.000,,false,0.8653012180630112,0.018010881503590537,0.4499970535423192,0.5108115744279745,database,shuffled-dipeptide,2,8,200,71748,4586050,0.5
461.000,2,0.000,,false,0.8653012180630112,0.018010881503590537,0.4499970535423192,0.5108115744279745,database,shuffled-dipeptide,2,8,200,71748,4586050,0.5
461.500,2,0.000,,false,0.8653012180630112,0.018010881503590537,0.4499970535423192,0.5108115744279745,database,shuffled-dipeptide,2,8,200,71748,4586050,0.5
462.000,2,0.000,,false,0.8653012180630112,0.018010881503590537,0.4499970535423192,0.5108115744279745,database,shuffled-dipeptide,2,8,200,71748,4586050,0.5
462.500,2,0.000,,false,0.8653012180630112,0.018010881503590537,0.4499970535423192,0.5108115744279745,database,shuffled-dipeptide,2,8,200,71748,4586050,0.5
463.000,2,0.000,,false,0.8653012180630112,0.018010881503590537,0.4499970535423192,0.5108115744279745,database,shuffled-dipeptide,2,8,200,71748,4586050,0.5
463.500,2,0.000,,false,0.8653012180630112,0.018010881503590537,0.4499970535423192,0.5108115744279745,database,shuffled-dipeptide,2,8,200,71748,4586050,0.5
464.000,2,0.000,,false,0.8653012180630112,0.018010881503590537,0.4499970535423192,0.5108115744279745,database,shuffled-dipeptide,2,8,200,71748,4586050,0.5
464.500,2,0.000,,false,0.8653012180630112,0.018010881503590537,0.4499970535423192,0.5108115744279745,database,shuffled-dipeptide,2,8,200,71748,4586050,0.5
465.000,2,0.000,,false,0.8653012180630112,0.018010881503590537,0.4499970535423192,0.5108115744279745,database,shuffled-dipeptide,2,8,200,71748,4586050,0.5
465.500,2,0.000,,false,0.8653012180630112,0.018010881503590537,0.4499970535423192,0.5108115744279745,database,shuffled-dipeptide,2,8,200,71748,4586050,0.5
466.000,2,0.000,,false,0.8653012180630112,0.018010881503590537,0.4499970535423192,0.5108115744279745,database,shuffled-dipeptide,2,8,200,71748,4586050,0.5
466.500,2,0.000,,false,0.8653012180630112,0.018010881503590537,0.4499970535423192,0.5108115744279745,database,shuffled-dipeptide,2,8,200,71748,4586050,0.5
467.000,2,0.000,,false,0.8653012180630112,0.018010881503590537,0.4499970535423192,0.5108115744279745,database,shuffled-dipeptide,2,8,200,71748,4586050,0.5
467.500,2,0.000,,false,0.8653012180630112,0.018010881503590537,0.4499970535423192,0.5108115744279745,database,shuffled-dipeptide,2,8,200,71748,4586050,0.5
468.000,2,0.000,,false,0.8653012180630112,0.018010881503590537,0.4499970535423192,0.5108115744279745,database,shuffled-dipeptide,2,8,200,71748,4586050,0.5
468.500,2,0.000,,false,0.8653012180630112,0.018010881503590537,0.4499970535423192,0.5108115744279745,database,shuffled-dipeptide,2,8,200,71748,4586050,0.5
469.000,2,0.000,,false,0.8653012180630112,0.018010881503590537,0.4499970535423192,0.5108115744279745,database,shuffled-dipeptide,2,8,200,71748,4586050,0.5
469.500,2,0.000,,false,0.8653012180630112,0.018010881503590537,0.4499970535423192,0.5108115744279745,database,shuffled-dipeptide,2,8,200,71748,4586050,0.5
470.000,2,0.000,,false,0.8653012180630112,0.018010881503590537,0.4499970535423192,0.5108115744279745,database,shuffled-dipeptide,2,8,200,71748,4586050,0.5
470.500,2,0.000,,false,0.8653012180630112,0.018010881503590537,0.4499970535423192,0.5108115744279745,database,shuffled-dipeptide,2,8,200,71748,4586050,0.5
471.000,2,0.000,,false,0.8653012180630112,0.018010881503590537,0.4499970535423192,0.5108115744279745,database,shuffled-dipeptide,2,8,200,71748,4586050,0.5
471.500,2,0.000,,false,0.8653012180630112,0.018010881503590537,0.4499970535423192,0.5108115744279745,database,shuffled-dipeptide,2,8,200,71748,4586050,0.5
472.000,2,0.000,,false,0.8653012180630112,0.018010881503590537,0.4499970535423192,0.5108115744279745,database,shuffled-dipeptide,2,8,200,71748,4586050,0.5
472.500,2,0.000,,false,0.8653012180630112,0.018010881503590537,0.4499970535423192,0.5108115744279745,database,shuffled-dipeptide,2,8,200,71748,4586050,0.5
473.000,2,0.000,,false,0.8653012180630112,0.018010881503590537,0.4499970535423192,0.5108115744279745,database,shuffled-dipeptide,2,8,200,71748,4586050,0.5
473.500,2,0.000,,false,0.8653012180630112,0.018010881503590537,0.4499970535423192,0.5108115744279745,database,shuffled-dipeptide,2,8,200,71748,4586050,0.5
474.000,2,0.000,,false,0.8653012180630112,0.018010881503590537,0.4499970535423192,0.5108115744279745,database,shuffled-dipeptide,2,8,200,71748,4586050,0.5
474.500,2,0.000,,false,0.8653012180630112,0.018010881503590537,0.4499970535423192,0.5108115744279745,database,shuffled-dipeptide,2,8,200,71748,4586050,0.5
475.000,2,0.000,,false,0.8653012180630112,0.018010881503590537,0.4499970535423192,0.5108115744279745,database,shuffled-dipeptide,2,8,200,71748,4586050,0.5
475.500,2,0.000,,false,0.8653012180630112,0.018010881503590537,0.4499970535423192,0.5108115744279745,database,shuffled-dipeptide,2,8,200,71748,4586050,0.5
476.000,2,0.000,,false,0.8653012180630112,0.018010881503590537,0.4499970535423192,0.5108115744279745,database,shuffled-dipeptide,2,8,200,71748,4586050,0.5
476.500,2,0.000,,false,0.8653012180630112,0.018010881503590537,0.4499970535423192,0.5108115744279745,database,shuffled-dipeptide,2,8,200,71748,4586050,0.5
477.000,2,0.000,,false,0.8653012180630112,0.018010881503590537,0.4499970535423192,0.5108115744279745,database,shuffled-dipeptide,2,8,200,71748,4586050,0.5
477.500,2,0.000,,false,0.8653012180630112,0.018010881503590537,0.4499970535423192,0.5108115744279745,database,shuffled-dipeptide,2,8,200,71748,4586050,0.5
478.000,2,0.000,,false,0.8653012180630112,0.018010881503590537,0.4499970535423192,0.5108115744279745,database,shuffled-dipeptide,2,8,200,71748,4586050,0.5
478.500,2,0.000,,false,0.8653012180630112,0.018010881503590537,0.4499970535423192,0.5108115744279745,database,shuffled-dipeptide,2,8,200,71748,4586050,0.5
479.000,2,0.000,,false,0.8653012180630112,0.018010881503590537,0.4499970535423192,0.5108115744279745,database,shuffled-dipeptide,2,8,200,71748,4586050,0.5
479.500,2,0.000,,false,0.8653012180630112,0.018010881503590537,0.4499970535423192,0.5108115744279745,database,shuffled-dipeptide,2,8,200,71748,4586050,0.5
480.000,2,0.000,,false,0.8653012180630112,0.018010881503590537,0.4499970535423192,0.5108115744279745,database,shuffled-dipeptide,2,8,200,71748,4586050,0.5
480.500,2,0.000,,false,0.8653012180630112,0.018010881503590537,0.4499970535423192,0.5108115744279745,database,shuffled-dipeptide,2,8,200,71748,4586050,0.5
481.000,2,0.000,,false,0.8653012180630112,0.018010881503590537,0.4499970535423192,0.5108115744279745,database,shuffled-dipeptide,2,8,200,71748,4586050,0.5
481.500,2,0.000,,false,0.8653012180630112,0.018010881503590537,0.4499970535423192,0.5108115744279745,database,shuffled-dipeptide,2,8,200,71748,4586050,0.5
482.000,2,0.000,,false,0.8653012180630112,0.018010881503590537,0.4499970535423192,0.5108115744279745,database,shuffled-dipeptide,2,8,200,71748,4586050,0.5
482.500,2,0.000,,false,0.8653012180630112,0.018010881503590537,0.4499970535423192,0.5108115744279745,database,shuffled-dipeptide,2,8,200,71748,4586050,0.5
483.000,2,0.000,,false,0.8653012180630112,0.018010881503590537,0.4499970535423192,0.5108115744279745,database,shuffled-dipeptide,2,8,200,71748,4586050,0.5
483.500,2,0.000,,false,0.8653012180630112,0.018010881503590537,0.4499970535423192,0.5108115744279745,database,shuffled-dipeptide,2,8,200,71748,4586050,0.5
484.000,2,0.000,,false,0.8653012180630112,0.018010881503590537,0.4499970535423192,0.5108115744279745,database,shuffled-dipeptide,2,8,200,71748,4586050,0.5
484.500,2,0.000,,false,0.8653012180630112,0.018010881503590537,0.4499970535423192,0.5108115744279745,database,shuffled-dipeptide,2,8,200,71748,4586050,0.5
485.000,2,0.000,,false,0.8653012180630112,0.018010881503590537,0.4499970535423192,0.5108115744279745,database,shuffled-dipeptide,2,8,200,71748,4586050,0.5
485.500,2,0.000,,false,0.8653012180630112,0.018010881503590537,0.4499970535423192,0.5108115744279745,database,shuffled-dipeptide,2,8,200,71748,4586050,0.5
486.000,2,0.000,,false,0.8653012180630112,0.018010881503590537,0.4499970535423192,0.5108115744279745,database,shuffled-dipeptide,2,8,200,71748,4586050,0.5
486.500,2,0.000,,false,0.8653012180630112,0.018010881503590537,0.4499970535423192,0.5108115744279745,database,shuffled-dipeptide,2,8,200,71748,4586050,0.5
487.000,2,0.000,,false,0.8653012180630112,0.018010881503590537,0.4499970535423192,0.5108115744279745,database,shuffled-dipeptide,2,8,200,71748,4586050,0.5
487.500,2,0.000,,false,0.8653012180630112,0.018010881503590537,0.4499970535423192,0.5108115744279745,database,shuffled-dipeptide,2,8,200,71748,4586050,0.5
488.000,2,0.000,,false,0.8653012180630112,0.018010881503590537,0.4499970535423192,0.5108115744279745,database,shuffled-dipeptide,2,8,200,71748,4586050,0.5
488.500,2,0.000,,false,0.8653012180630112,0.018010881503590537,0.4499970535423192,0.5108115744279745,database,shuffled-dipeptide,2,8,200,71748,4586050,0.5
489.000,2,0.000,,false,0.8653012180630112,0.018010881503590537,0.4499970535423192,0.5108115744279745,database,shuffled-dipeptide,2,8,200,71748,4586050,0.5
489.500,2,0.000,,false,0.8653012180630112,0.018010881503590537,0.4499970535423192,0.5108115744279745,database,shuffled-dipeptide,2,8,200,71748,4586050,0.5
490.000,2,0.000,,false,0.8653012180630112,0.018010881503590537,0.4499970535423192,0.5108115744279745,database,shuffled-dipeptide,2,8,200,71748,4586050,0.5
490.500,2,0.000,,false,0.8653012180630112,0.018010881503590537,0.4499970535423192,0.5108115744279745,database,shuffled-dipeptide,2,8,200,71748,4586050,0.5
491.000,2,0.000,,false,0.8653012180630112,0.018010881503590537,0.4499970535423192,0.5108115744279745,database,shuffled-dipeptide,2,8,200,71748,4586050,0.5
491.500,2,0.000,,false,0.8653012180630112,0.018010881503590537,0.4499970535423192,0.5108115744279745,database,shuffled-dipeptide,2,8,200,71748,4586050,0.5
492.000,2,0.000,,false,0.8653012180630112,0.018010881503590537,0.4499970535423192,0.5108115744279745,database,shuffled-dipeptide,2,8,200,71748,4586050,0.5
492.500,2,0.000,,false,0.8653012180630112,0.018010881503590537,0.4499970535423192,0.5108115744279745,database,shuffled-dipeptide,2,8,200,71748,4586050,0.5
493.000,2,0.000,,false,0.8653012180630112,0.018010881503590537,0.4499970535423192,0.5108115744279745,database,shuffled-dipeptide,2,8,200,71748,4586050,0.5
493.500,2,0.000,,false,0.8653012180630112,0.018010881503590537,0.4499970535423192,0.5108115744279745,database,shuffled-dipeptide,2,8,200,71748,4586050,0.5
494.000,2,0.000,,false,0.8653012180630112,0.018010881503590537,0.4499970535423192,0.5108115744279745,database,shuffled-dipeptide,2,8,200,71748,4586050,0.5
494.500,2,0.000,,false,0.8653012180630112,0.018010881503590537,0.4499970535423192,0.5108115744279745,database,shuffled-dipeptide,2,8,200,71748,4586050,0.5
495.000,2,0.000,,false,0.8653012180630112,0.018010881503590537,0.4499970535423192,0.5108115744279745,database,shuffled-dipeptide,2,8,200,71748,4586050,0.5
495.500,2,0.000,,false,0.8653012180630112,0.018010881503590537,0.4499970535423192,0.5108115744279745,database,shuffled-dipeptide,2,8,200,71748,4586050,0.5
496.000,2,0.000,,false,0.8653012180630112,0.018010881503590537,0.4499970535423192,0.5108115744279745,database,shuffled-dipeptide,2,8,200,71748,4586050,0.5
496.500,2,0.000,,false,0.8653012180630112,0.018010881503590537,0.4499970535423192,0.5108115744279745,database,shuffled-dipeptide,2,8,200,71748,4586050,0.5
497.000,2,0.000,,false,0.8653012180630112,0.018010881503590537,0.4499970535423192,0.5108115744279745,database,shuffled-dipeptide,2,8,200,71748,4586050,0.5
497.500,2,0.000,,false,0.8653012180630112,0.018010881503590537,0.4499970535423192,0.5108115744279745,database,shuffled-dipeptide,2,8,200,71748,4586050,0.5
498.000,2,0.000,,false,0.8653012180630112,0.018010881503590537,0.4499970535423192,0.5108115744279745,database,shuffled-dipeptide,2,8,200,71748,4586050,0.5
498.500,2,0.000,,false,0.8653012180630112,0.018010881503590537,0.4499970535423192,0.5108115744279745,database,shuffled-dipeptide,2,8,200,71748,4586050,0.5
499.000,2,0.000,,false,0.8653012180630112,0.018010881503590537,0.4499970535423192,0.5108115744279745,database,shuffled-dipeptide,2,8,200,71748,4586050,0.5
499.500,2,0.000,,false,0.8653012180630112,0.018010881503590537,0.4499970535423192,0.5108115744279745,database,shuffled-dipeptide,2,8,200,71748,4586050,0.5
500.000,2,0.000,,false,0.8653012180630112,0.018010881503590537,0.4499970535423192,0.5108115744279745,database,shuffled-dipeptide,2,8,200,71748,4586050,0.5
500.500,1,0.000,,false,0.8653012180630112,0.018010881503590537,0.4499970535423192,0.5108115744279745,database,shuffled-dipeptide,2,8,200,71748,4586050,0.5
501.000,1,0.000,,false,0.8653012180630112,0.018010881503590537,0.4499970535423192,0.5108115744279745,database,shuffled-dipeptide,2,8,200,71748,4586050,0.5
501.500,1,0.000,,false,0.8653012180630112,0.018010881503590537,0.4499970535423192,0.5108115744279745,database,shuffled-dipeptide,2,8,200,71748,4586050,0.5
502.000,1,0.000,,false,0.8653012180630112,0.018010881503590537,0.4499970535423192,0.5108115744279745,database,shuffled-dipeptide,2,8,200,71748,4586050,0.5
502.500,1,0.000,,false,0.8653012180630112,0.018010881503590537,0.4499970535423192,0.5108115744279745,database,shuffled-dipeptide,2,8,200,71748,4586050,0.5
503.000,1,0.000,,false,0.8653012180630112,0.018010881503590537,0.4499970535423192,0.5108115744279745,database,shuffled-dipeptide,2,8,200,71748,4586050,0.5
503.500,1,0.000,,false,0.8653012180630112,0.018010881503590537,0.4499970535423192,0.5108115744279745,database,shuffled-dipeptide,2,8,200,71748,4586050,0.5
504.000,1,0.000,,false,0.8653012180630112,0.018010881503590537,0.4499970535423192,0.5108115744279745,database,shuffled-dipeptide,2,8,200,71748,4586050,0.5
504.500,1,0.000,,false,0.8653012180630112,0.018010881503590537,0.4499970535423192,0.5108115744279745,database,shuffled-dipeptide,2,8,200,71748,4586050,0.5
505.000,1,0.000,,false,0.8653012180630112,0.018010881503590537,0.4499970535423192,0.5108115744279745,database,shuffled-dipeptide,2,8,200,71748,4586050,0.5
505.500,1,0.000,,false,0.8653012180630112,0.018010881503590537,0.4499970535423192,0.5108115744279745,database,shuffled-dipeptide,2,8,200,71748,4586050,0.5
506.000,1,0.000,,false,0.8653012180630112,0.018010881503590537,0.4499970535423192,0.5108115744279745,database,shuffled-dipeptide,2,8,200,71748,4586050,0.5
506.500,1,0.000,,false,0.8653012180630112,0.018010881503590537,0.4499970535423192,0.5108115744279745,database,shuffled-dipeptide,2,8,200,71748,4586050,0.5
507.000,1,0.000,,false,0.8653012180630112,0.018010881503590537,0.4499970535423192,0.5108115744279745,database,shuffled-dipeptide,2,8,200,71748,4586050,0.5
507.500,1,0.000,,false,0.8653012180630112,0.018010881503590537,0.4499970535423192,0.5108115744279745,database,shuffled-dipeptide,2,8,200,71748,4586050,0.5
508.000,1,0.000,,false,0.8653012180630112,0.018010881503590537,0.4499970535423192,0.5108115744279745,database,shuffled-dipeptide,2,8,200,71748,4586050,0.5
508.500,1,0.000,,false,0.8653012180630112,0.018010881503590537,0.4499970535423192,0.5108115744279745,database,shuffled-dipeptide,2,8,200,71748,4586050,0.5
509.000,1,0.000,,false,0.8653012180630112,0.018010881503590537,0.4499970535423192,0.5108115744279745,database,shuffled-dipeptide,2,8,200,71748,4586050,0.5
509.500,1,0.000,,false,0.8653012180630112,0.018010881503590537,0.4499970535423192,0.5108115744279745,database,shuffled-dipeptide,2,8,200,71748,4586050,0.5
510.000,1,0.000,,false,0.8653012180630112,0.018010881503590537,0.4499970535423192,0.5108115744279745,database,shuffled-dipeptide,2,8,200,71748,4586050,0.5
510.500,1,0.000,,false,0.8653012180630112,0.018010881503590537,0.4499970535423192,0.5108115744279745,database,shuffled-dipeptide,2,8,200,71748,4586050,0.5
511.000,1,0.000,,false,0.8653012180630112,0.018010881503590537,0.4499970535423192,0.5108115744279745,database,shuffled-dipeptide,2,8,200,71748,4586050,0.5
511.500,1,0.000,,false,0.8653012180630112,0.018010881503590537,0.4499970535423192,0.5108115744279745,database,shuffled-dipeptide,2,8,200,71748,4586050,0.5
512.000,1,0.000,,false,0.8653012180630112,0.018010881503590537,0.4499970535423192,0.5108115744279745,database,shuffled-dipeptide,2,8,200,71748,4586050,0.5
512.500,1,0.000,,false,0.8653012180630112,0.018010881503590537,0.4499970535423192,0.5108115744279745,database,shuffled-dipeptide,2,8,200,71748,4586050,0.5
513.000,1,0.000,,false,0.8653012180630112,0.018010881503590537,0.4499970535423192,0.5108115744279745,database,shuffled-dipeptide,2,8,200,71748,4586050,0.5
513.500,1,0.000,,false,0.8653012180630112,0.018010881503590537,0.4499970535423192,0.5108115744279745,database,shuffled-dipeptide,2,8,200,71748,4586050,0.5
514.000,1,0.000,,false,0.8653012180630112,0.018010881503590537,0.4499970535423192,0.5108115744279745,database,shuffled-dipeptide,2,8,200,71748,4586050,0.5
514.500,1,0.000,,false,0.8653012180630112,0.018010881503590537,0.4499970535423192,0.5108115744279745,database,shuffled-dipeptide,2,8,200,71748,4586050,0.5
515.000,1,0.000,,false,0.8653012180630112,0.018010881503590537,0.4499970535423192,0.5108115744279745,database,shuffled-dipeptide,2,8,200,71748,4586050,0.5
515.500,1,0.000,,false,0.8653012180630112,0.018010881503590537,0.4499970535423192,0.5108115744279745,database,shuffled-dipeptide,2,8,200,71748,4586050,0.5
516.000,1,0.000,,false,0.8653012180630112,0.018010881503590537,0.4499970535423192,0.5108115744279745,database,shuffled-dipeptide,2,8,200,71748,4586050,0.5
516.500,1,0.000,,false,0.8653012180630112,0.018010881503590537,0.4499970535423192,0.5108115744279745,database,shuffled-dipeptide,2,8,200,71748,4586050,0.5
517.000,1,0.000,,false,0.8653012180630112,0.018010881503590537,0.4499970535423192,0.5108115744279745,database,shuffled-dipeptide,2,8,200,71748,4586050,0.5
517.500,1,0.000,,false,0.8653012180630112,0.018010881503590537,0.4499970535423192,0.5108115744279745,database,shuffled-dipeptide,2,8,200,71748,4586050,0.5
518.000,1,0.000,,false,0.8653012180630112,0.018010881503590537,0.4499970535423192,0.5108115744279745,database,shuffled-dipeptide,2,8,200,71748,4586050,0.5
518.500,1,0.000,,false,0.8653012180630112,0.018010881503590537,0.4499970535423192,0.5108115744279745,database,shuffled-dipeptide,2,8,200,71748,4586050,0.5
519.000,1,0.000,,false,0.8653012180630112,0.018010881503590537,0.4499970535423192,0.5108115744279745,database,shuffled-dipeptide,2,8,200,71748,4586050,0.5
519.500,1,0.000,,false,0.8653012180630112,0.018010881503590537,0.4499970535423192,0.5108115744279745,database,shuffled-dipeptide,2,8,200,71748,4586050,0.5
520.000,1,0.000,,false,0.8653012180630112,0.018010881503590537,0.4499970535423192,0.5108115744279745,database,shuffled-dipeptide,2,8,200,71748,4586050,0.5
520.500,1,0.000,,false,0.8653012180630112,0.018010881503590537,0.4499970535423192,0.5108115744279745,database,shuffled-dipeptide,2,8,200,71748,4586050,0.5
521.000,1,0.000,,false,0.8653012180630112,0.018010881503590537,0.4499970535423192,0.5108115744279745,database,shuffled-dipeptide,2,8,200,71748,4586050,0.5
521.500,1,0.000,,false,0.8653012180630112,0.018010881503590537,0.4499970535423192,0.5108115744279745,database,shuffled-dipeptide,2,8,200,71748,4586050,0.5
522.000,1,0.000,,false,0.8653012180630112,0.018010881503590537,0.4499970535423192,0.5108115744279745,database,shuffled-dipeptide,2,8,200,71748,4586050,0.5
522.500,1,0.000,,false,0.8653012180630112,0.018010881503590537,0.4499970535423192,0.5108115744279745,database,shuffled-dipeptide,2,8,200,71748,4586050,0.5
523.000,1,0.000,,false,0.8653012180630112,0.018010881503590537,0.4499970535423192,0.5108115744279745,database,shuffled-dipeptide,2,8,200,71748,4586050,0.5
523.500,1,0.000,,false,0.8653012180630112,0.018010881503590537,0.4499970535423192,0.5108115744279745,database,shuffled-dipeptide,2,8,200,71748,4586050,0.5
524.000,1,0.000,,false,0.8653012180630112,0.018010881503590537,0.4499970535423192,0.5108115744279745,database,shuffled-dipeptide,2,8,200,71748,4586050,0.5
524.500,1,0.000,,false,0.8653012180630112,0.018010881503590537,0.4499970535423192,0.5108115744279745,database,shuffled-dipeptide,2,8,200,71748,4586050,0.5
525.000,1,0.000,,false,0.8653012180630112,0.018010881503590537,0.4499970535423192,0.5108115744279745,database,shuffled-dipeptide,2,8,200,71748,4586050,0.5
525.500,1,0.000,,false,0.8653012180630112,0.018010881503590537,0.4499970535423192,0.5108115744279745,database,shuffled-dipeptide,2,8,200,71748,4586050,0.5
526.000,1,0.000,,false,0.8653012180630112,0.018010881503590537,0.4499970535423192,0.5108115744279745,database,shuffled-dipeptide,2,8,200,71748,4586050,0.5
526.500,1,0.000,,false,0.8653012180630112,0.018010881503590537,0.4499970535423192,0.5108115744279745,database,shuffled-dipeptide,2,8,200,71748,4586050,0.5
527.000,1,0.000,,false,0.8653012180630112,0.018010881503590537,0.4499970535423192,0.5108115744279745,database,shuffled-dipeptide,2,8,200,71748,4586050,0.5
527.500,1,0.000,,false,0.8653012180630112,0.018010881503590537,0.4499970535423192,0.5108115744279745,database,shuffled-dipeptide,2,8,200,71748,4586050,0.5
528.000,1,0.000,,false,0.8653012180630112,0.018010881503590537,0.4499970535423192,0.5108115744279745,database,shuffled-dipeptide,2,8,200,71748,4586050,0.5
528.500,1,0.000,,false,0.8653012180630112,0.018010881503590537,0.4499970535423192,0.5108115744279745,database,shuffled-dipeptide,2,8,200,71748,4586050,0.5
529.000,1,0.000,,false,0.8653012180630112,0.018010881503590537,0.4499970535423192,0.5108115744279745,database,shuffled-dipeptide,2,8,200,71748,4586050,0.5
529.500,1,0.000,,false,0.8653012180630112,0.018010881503590537,0.4499970535423192,0.5108115744279745,database,shuffled-dipeptide,2,8,200,71748,4586050,0.5
530.000,1,0.000,,false,0.8653012180630112,0.018010881503590537,0.4499970535423192,0.5108115744279745,database,shuffled-dipeptide,2,8,200,71748,4586050,0.5
