x,n_regions_at_least,fitted_n_regions_at_least,reference_n_regions_at_least,in_fit,r_database,k,lambda_analytic,match_probability,null,reference,mismatch_penalty,xdrop,n_queries,query_residues,database_kmers,bin_width
0.000,252569819,22174337492.498,251107247,false,0.8509740379534156,0.01593319053045027,0.44336428731283206,0.5131153862277995,database,shuffled-dipeptide,2,8,200,78421,17746615,0.5
0.500,252552042,14489853305.653,251090539,false,0.8509740379534156,0.01593319053045027,0.44336428731283206,0.5131153862277995,database,shuffled-dipeptide,2,8,200,78421,17746615,0.5
1.000,252537926,9468415860.919,251077932,false,0.8509740379534156,0.01593319053045027,0.44336428731283206,0.5131153862277995,database,shuffled-dipeptide,2,8,200,78421,17746615,0.5
1.500,252517061,6187150209.473,251057578,false,0.8509740379534156,0.01593319053045027,0.44336428731283206,0.5131153862277995,database,shuffled-dipeptide,2,8,200,78421,17746615,0.5
2.000,252475444,4043002364.586,251017476,false,0.8509740379534156,0.01593319053045027,0.44336428731283206,0.5131153862277995,database,shuffled-dipeptide,2,8,200,78421,17746615,0.5
2.500,252375273,2641905815.544,250915957,false,0.8509740379534156,0.01593319053045027,0.44336428731283206,0.5131153862277995,database,shuffled-dipeptide,2,8,200,78421,17746615,0.5
3.000,252144155,1726357223.864,250673706,false,0.8509740379534156,0.01593319053045027,0.44336428731283206,0.5131153862277995,database,shuffled-dipeptide,2,8,200,78421,17746615,0.5
3.500,251530301,1128090655.940,250029251,false,0.8509740379534156,0.01593319053045027,0.44336428731283206,0.5131153862277995,database,shuffled-dipeptide,2,8,200,78421,17746615,0.5
4.000,249859775,737152491.053,248266425,false,0.8509740379534156,0.01593319053045027,0.44336428731283206,0.5131153862277995,database,shuffled-dipeptide,2,8,200,78421,17746615,0.5
4.500,245222529,481693374.734,243416821,false,0.8509740379534156,0.01593319053045027,0.44336428731283206,0.5131153862277995,database,shuffled-dipeptide,2,8,200,78421,17746615,0.5
5.000,230322400,314763241.092,227957151,false,0.8509740379534156,0.01593319053045027,0.44336428731283206,0.5131153862277995,database,shuffled-dipeptide,2,8,200,78421,17746615,0.5
5.500,182243690,205682500.818,179306757,false,0.8509740379534156,0.01593319053045027,0.44336428731283206,0.5131153862277995,database,shuffled-dipeptide,2,8,200,78421,17746615,0.5
6.000,126632444,134403531.352,123703504,false,0.8509740379534156,0.01593319053045027,0.44336428731283206,0.5131153862277995,database,shuffled-dipeptide,2,8,200,78421,17746615,0.5
6.500,85619535,87826184.377,82873267,false,0.8509740379534156,0.01593319053045027,0.44336428731283206,0.5131153862277995,database,shuffled-dipeptide,2,8,200,78421,17746615,0.5
7.000,57098098,57390148.790,54620982,true,0.8509740379534156,0.01593319053045027,0.44336428731283206,0.5131153862277995,database,shuffled-dipeptide,2,8,200,78421,17746615,0.5
7.500,37728903,37501676.767,35579384,true,0.8509740379534156,0.01593319053045027,0.44336428731283206,0.5131153862277995,database,shuffled-dipeptide,2,8,200,78421,17746615,0.5
8.000,24753954,24505525.599,22925345,true,0.8509740379534156,0.01593319053045027,0.44336428731283206,0.5131153862277995,database,shuffled-dipeptide,2,8,200,78421,17746615,0.5
8.500,16158195,16013171.588,14637749,true,0.8509740379534156,0.01593319053045027,0.44336428731283206,0.5131153862277995,database,shuffled-dipeptide,2,8,200,78421,17746615,0.5
9.000,10502098,10463830.423,9263190,true,0.8509740379534156,0.01593319053045027,0.44336428731283206,0.5131153862277995,database,shuffled-dipeptide,2,8,200,78421,17746615,0.5
9.500,6815870,6837605.313,5819698,true,0.8509740379534156,0.01593319053045027,0.44336428731283206,0.5131153862277995,database,shuffled-dipeptide,2,8,200,78421,17746615,0.5
10.000,4425160,4468043.204,3631894,true,0.8509740379534156,0.01593319053045027,0.44336428731283206,0.5131153862277995,database,shuffled-dipeptide,2,8,200,78421,17746615,0.5
10.500,2890251,2919649.375,2256881,true,0.8509740379534156,0.01593319053045027,0.44336428731283206,0.5131153862277995,database,shuffled-dipeptide,2,8,200,78421,17746615,0.5
11.000,1898107,1907849.159,1398561,false,0.8509740379534156,0.01593319053045027,0.44336428731283206,0.5131153862277995,database,shuffled-dipeptide,2,8,200,78421,17746615,0.5
11.500,1260329,1246686.827,866060,false,0.8509740379534156,0.01593319053045027,0.44336428731283206,0.5131153862277995,database,shuffled-dipeptide,2,8,200,78421,17746615,0.5
12.000,846684,814649.333,536917,false,0.8509740379534156,0.01593319053045027,0.44336428731283206,0.5131153862277995,database,shuffled-dipeptide,2,8,200,78421,17746615,0.5
12.500,577201,532333.799,332129,false,0.8509740379534156,0.01593319053045027,0.44336428731283206,0.5131153862277995,database,shuffled-dipeptide,2,8,200,78421,17746615,0.5
13.000,397895,347854.301,204020,false,0.8509740379534156,0.01593319053045027,0.44336428731283206,0.5131153862277995,database,shuffled-dipeptide,2,8,200,78421,17746615,0.5
13.500,279650,227305.902,126096,false,0.8509740379534156,0.01593319053045027,0.44336428731283206,0.5131153862277995,database,shuffled-dipeptide,2,8,200,78421,17746615,0.5
14.000,198902,148533.375,77251,false,0.8509740379534156,0.01593319053045027,0.44336428731283206,0.5131153862277995,database,shuffled-dipeptide,2,8,200,78421,17746615,0.5
14.500,144384,97059.351,47722,false,0.8509740379534156,0.01593319053045027,0.44336428731283206,0.5131153862277995,database,shuffled-dipeptide,2,8,200,78421,17746615,0.5
15.000,106063,63423.575,29357,false,0.8509740379534156,0.01593319053045027,0.44336428731283206,0.5131153862277995,database,shuffled-dipeptide,2,8,200,78421,17746615,0.5
15.500,79280,41444.228,18241,false,0.8509740379534156,0.01593319053045027,0.44336428731283206,0.5131153862277995,database,shuffled-dipeptide,2,8,200,78421,17746615,0.5
16.000,60430,27081.792,11359,false,0.8509740379534156,0.01593319053045027,0.44336428731283206,0.5131153862277995,database,shuffled-dipeptide,2,8,200,78421,17746615,0.5
16.500,46704,17696.636,7210,false,0.8509740379534156,0.01593319053045027,0.44336428731283206,0.5131153862277995,database,shuffled-dipeptide,2,8,200,78421,17746615,0.5
17.000,36945,11563.893,4611,false,0.8509740379534156,0.01593319053045027,0.44336428731283206,0.5131153862277995,database,shuffled-dipeptide,2,8,200,78421,17746615,0.5
17.500,29536,7556.443,2836,false,0.8509740379534156,0.01593319053045027,0.44336428731283206,0.5131153862277995,database,shuffled-dipeptide,2,8,200,78421,17746615,0.5
18.000,23998,4937.769,1914,false,0.8509740379534156,0.01593319053045027,0.44336428731283206,0.5131153862277995,database,shuffled-dipeptide,2,8,200,78421,17746615,0.5
18.500,19779,3226.592,1218,false,0.8509740379534156,0.01593319053045027,0.44336428731283206,0.5131153862277995,database,shuffled-dipeptide,2,8,200,78421,17746615,0.5
19.000,16470,2108.421,813,false,0.8509740379534156,0.01593319053045027,0.44336428731283206,0.5131153862277995,database,shuffled-dipeptide,2,8,200,78421,17746615,0.5
19.500,13827,1377.751,515,false,0.8509740379534156,0.01593319053045027,0.44336428731283206,0.5131153862277995,database,shuffled-dipeptide,2,8,200,78421,17746615,0.5
20.000,11918,900.293,373,false,0.8509740379534156,0.01593319053045027,0.44336428731283206,0.5131153862277995,database,shuffled-dipeptide,2,8,200,78421,17746615,0.5
20.500,10092,588.298,243,false,0.8509740379534156,0.01593319053045027,0.44336428731283206,0.5131153862277995,database,shuffled-dipeptide,2,8,200,78421,17746615,0.5
21.000,8836,384.424,192,false,0.8509740379534156,0.01593319053045027,0.44336428731283206,0.5131153862277995,database,shuffled-dipeptide,2,8,200,78421,17746615,0.5
21.500,7923,251.203,127,false,0.8509740379534156,0.01593319053045027,0.44336428731283206,0.5131153862277995,database,shuffled-dipeptide,2,8,200,78421,17746615,0.5
22.000,7207,164.149,99,false,0.8509740379534156,0.01593319053045027,0.44336428731283206,0.5131153862277995,database,shuffled-dipeptide,2,8,200,78421,17746615,0.5
22.500,6581,107.263,79,false,0.8509740379534156,0.01593319053045027,0.44336428731283206,0.5131153862277995,database,shuffled-dipeptide,2,8,200,78421,17746615,0.5
23.000,6124,70.091,63,false,0.8509740379534156,0.01593319053045027,0.44336428731283206,0.5131153862277995,database,shuffled-dipeptide,2,8,200,78421,17746615,0.5
23.500,5749,45.801,41,false,0.8509740379534156,0.01593319053045027,0.44336428731283206,0.5131153862277995,database,shuffled-dipeptide,2,8,200,78421,17746615,0.5
24.000,5463,29.929,32,false,0.8509740379534156,0.01593319053045027,0.44336428731283206,0.5131153862277995,database,shuffled-dipeptide,2,8,200,78421,17746615,0.5
24.500,5190,19.557,24,false,0.8509740379534156,0.01593319053045027,0.44336428731283206,0.5131153862277995,database,shuffled-dipeptide,2,8,200,78421,17746615,0.5
25.000,4975,12.780,18,false,0.8509740379534156,0.01593319053045027,0.44336428731283206,0.5131153862277995,database,shuffled-dipeptide,2,8,200,78421,17746615,0.5
25.500,4771,8.351,17,false,0.8509740379534156,0.01593319053045027,0.44336428731283206,0.5131153862277995,database,shuffled-dipeptide,2,8,200,78421,17746615,0.5
26.000,4589,5.457,10,false,0.8509740379534156,0.01593319053045027,0.44336428731283206,0.5131153862277995,database,shuffled-dipeptide,2,8,200,78421,17746615,0.5
26.500,4438,3.566,10,false,0.8509740379534156,0.01593319053045027,0.44336428731283206,0.5131153862277995,database,shuffled-dipeptide,2,8,200,78421,17746615,0.5
27.000,4292,2.330,8,false,0.8509740379534156,0.01593319053045027,0.44336428731283206,0.5131153862277995,database,shuffled-dipeptide,2,8,200,78421,17746615,0.5
27.500,4159,1.523,8,false,0.8509740379534156,0.01593319053045027,0.44336428731283206,0.5131153862277995,database,shuffled-dipeptide,2,8,200,78421,17746615,0.5
28.000,4069,0.995,3,false,0.8509740379534156,0.01593319053045027,0.44336428731283206,0.5131153862277995,database,shuffled-dipeptide,2,8,200,78421,17746615,0.5
28.500,3975,0.650,3,false,0.8509740379534156,0.01593319053045027,0.44336428731283206,0.5131153862277995,database,shuffled-dipeptide,2,8,200,78421,17746615,0.5
29.000,3868,0.425,3,false,0.8509740379534156,0.01593319053045027,0.44336428731283206,0.5131153862277995,database,shuffled-dipeptide,2,8,200,78421,17746615,0.5
29.500,3763,0.278,3,false,0.8509740379534156,0.01593319053045027,0.44336428731283206,0.5131153862277995,database,shuffled-dipeptide,2,8,200,78421,17746615,0.5
30.000,3683,0.181,,false,0.8509740379534156,0.01593319053045027,0.44336428731283206,0.5131153862277995,database,shuffled-dipeptide,2,8,200,78421,17746615,0.5
30.500,3583,0.119,,false,0.8509740379534156,0.01593319053045027,0.44336428731283206,0.5131153862277995,database,shuffled-dipeptide,2,8,200,78421,17746615,0.5
31.000,3495,0.077,,false,0.8509740379534156,0.01593319053045027,0.44336428731283206,0.5131153862277995,database,shuffled-dipeptide,2,8,200,78421,17746615,0.5
31.500,3427,0.051,,false,0.8509740379534156,0.01593319053045027,0.44336428731283206,0.5131153862277995,database,shuffled-dipeptide,2,8,200,78421,17746615,0.5
32.000,3357,0.033,,false,0.8509740379534156,0.01593319053045027,0.44336428731283206,0.5131153862277995,database,shuffled-dipeptide,2,8,200,78421,17746615,0.5
32.500,3277,0.022,,false,0.8509740379534156,0.01593319053045027,0.44336428731283206,0.5131153862277995,database,shuffled-dipeptide,2,8,200,78421,17746615,0.5
33.000,3209,0.014,,false,0.8509740379534156,0.01593319053045027,0.44336428731283206,0.5131153862277995,database,shuffled-dipeptide,2,8,200,78421,17746615,0.5
33.500,3147,0.009,,false,0.8509740379534156,0.01593319053045027,0.44336428731283206,0.5131153862277995,database,shuffled-dipeptide,2,8,200,78421,17746615,0.5
34.000,3080,0.006,,false,0.8509740379534156,0.01593319053045027,0.44336428731283206,0.5131153862277995,database,shuffled-dipeptide,2,8,200,78421,17746615,0.5
34.500,3021,0.004,,false,0.8509740379534156,0.01593319053045027,0.44336428731283206,0.5131153862277995,database,shuffled-dipeptide,2,8,200,78421,17746615,0.5
35.000,2971,0.003,,false,0.8509740379534156,0.01593319053045027,0.44336428731283206,0.5131153862277995,database,shuffled-dipeptide,2,8,200,78421,17746615,0.5
35.500,2900,0.002,,false,0.8509740379534156,0.01593319053045027,0.44336428731283206,0.5131153862277995,database,shuffled-dipeptide,2,8,200,78421,17746615,0.5
36.000,2832,0.001,,false,0.8509740379534156,0.01593319053045027,0.44336428731283206,0.5131153862277995,database,shuffled-dipeptide,2,8,200,78421,17746615,0.5
36.500,2774,0.001,,false,0.8509740379534156,0.01593319053045027,0.44336428731283206,0.5131153862277995,database,shuffled-dipeptide,2,8,200,78421,17746615,0.5
37.000,2717,0.000,,false,0.8509740379534156,0.01593319053045027,0.44336428731283206,0.5131153862277995,database,shuffled-dipeptide,2,8,200,78421,17746615,0.5
37.500,2653,0.000,,false,0.8509740379534156,0.01593319053045027,0.44336428731283206,0.5131153862277995,database,shuffled-dipeptide,2,8,200,78421,17746615,0.5
38.000,2604,0.000,,false,0.8509740379534156,0.01593319053045027,0.44336428731283206,0.5131153862277995,database,shuffled-dipeptide,2,8,200,78421,17746615,0.5
38.500,2550,0.000,,false,0.8509740379534156,0.01593319053045027,0.44336428731283206,0.5131153862277995,database,shuffled-dipeptide,2,8,200,78421,17746615,0.5
39.000,2496,0.000,,false,0.8509740379534156,0.01593319053045027,0.44336428731283206,0.5131153862277995,database,shuffled-dipeptide,2,8,200,78421,17746615,0.5
39.500,2453,0.000,,false,0.8509740379534156,0.01593319053045027,0.44336428731283206,0.5131153862277995,database,shuffled-dipeptide,2,8,200,78421,17746615,0.5
40.000,2406,0.000,,false,0.8509740379534156,0.01593319053045027,0.44336428731283206,0.5131153862277995,database,shuffled-dipeptide,2,8,200,78421,17746615,0.5
40.500,2365,0.000,,false,0.8509740379534156,0.01593319053045027,0.44336428731283206,0.5131153862277995,database,shuffled-dipeptide,2,8,200,78421,17746615,0.5
41.000,2331,0.000,,false,0.8509740379534156,0.01593319053045027,0.44336428731283206,0.5131153862277995,database,shuffled-dipeptide,2,8,200,78421,17746615,0.5
41.500,2288,0.000,,false,0.8509740379534156,0.01593319053045027,0.44336428731283206,0.5131153862277995,database,shuffled-dipeptide,2,8,200,78421,17746615,0.5
42.000,2244,0.000,,false,0.8509740379534156,0.01593319053045027,0.44336428731283206,0.5131153862277995,database,shuffled-dipeptide,2,8,200,78421,17746615,0.5
42.500,2210,0.000,,false,0.8509740379534156,0.01593319053045027,0.44336428731283206,0.5131153862277995,database,shuffled-dipeptide,2,8,200,78421,17746615,0.5
43.000,2164,0.000,,false,0.8509740379534156,0.01593319053045027,0.44336428731283206,0.5131153862277995,database,shuffled-dipeptide,2,8,200,78421,17746615,0.5
43.500,2118,0.000,,false,0.8509740379534156,0.01593319053045027,0.44336428731283206,0.5131153862277995,database,shuffled-dipeptide,2,8,200,78421,17746615,0.5
44.000,2086,0.000,,false,0.8509740379534156,0.01593319053045027,0.44336428731283206,0.5131153862277995,database,shuffled-dipeptide,2,8,200,78421,17746615,0.5
44.500,2047,0.000,,false,0.8509740379534156,0.01593319053045027,0.44336428731283206,0.5131153862277995,database,shuffled-dipeptide,2,8,200,78421,17746615,0.5
45.000,2006,0.000,,false,0.8509740379534156,0.01593319053045027,0.44336428731283206,0.5131153862277995,database,shuffled-dipeptide,2,8,200,78421,17746615,0.5
45.500,1972,0.000,,false,0.8509740379534156,0.01593319053045027,0.44336428731283206,0.5131153862277995,database,shuffled-dipeptide,2,8,200,78421,17746615,0.5
46.000,1940,0.000,,false,0.8509740379534156,0.01593319053045027,0.44336428731283206,0.5131153862277995,database,shuffled-dipeptide,2,8,200,78421,17746615,0.5
46.500,1900,0.000,,false,0.8509740379534156,0.01593319053045027,0.44336428731283206,0.5131153862277995,database,shuffled-dipeptide,2,8,200,78421,17746615,0.5
47.000,1868,0.000,,false,0.8509740379534156,0.01593319053045027,0.44336428731283206,0.5131153862277995,database,shuffled-dipeptide,2,8,200,78421,17746615,0.5
47.500,1836,0.000,,false,0.8509740379534156,0.01593319053045027,0.44336428731283206,0.5131153862277995,database,shuffled-dipeptide,2,8,200,78421,17746615,0.5
48.000,1808,0.000,,false,0.8509740379534156,0.01593319053045027,0.44336428731283206,0.5131153862277995,database,shuffled-dipeptide,2,8,200,78421,17746615,0.5
48.500,1774,0.000,,false,0.8509740379534156,0.01593319053045027,0.44336428731283206,0.5131153862277995,database,shuffled-dipeptide,2,8,200,78421,17746615,0.5
49.000,1741,0.000,,false,0.8509740379534156,0.01593319053045027,0.44336428731283206,0.5131153862277995,database,shuffled-dipeptide,2,8,200,78421,17746615,0.5
49.500,1707,0.000,,false,0.8509740379534156,0.01593319053045027,0.44336428731283206,0.5131153862277995,database,shuffled-dipeptide,2,8,200,78421,17746615,0.5
50.000,1685,0.000,,false,0.8509740379534156,0.01593319053045027,0.44336428731283206,0.5131153862277995,database,shuffled-dipeptide,2,8,200,78421,17746615,0.5
50.500,1649,0.000,,false,0.8509740379534156,0.01593319053045027,0.44336428731283206,0.5131153862277995,database,shuffled-dipeptide,2,8,200,78421,17746615,0.5
51.000,1614,0.000,,false,0.8509740379534156,0.01593319053045027,0.44336428731283206,0.5131153862277995,database,shuffled-dipeptide,2,8,200,78421,17746615,0.5
51.500,1583,0.000,,false,0.8509740379534156,0.01593319053045027,0.44336428731283206,0.5131153862277995,database,shuffled-dipeptide,2,8,200,78421,17746615,0.5
52.000,1554,0.000,,false,0.8509740379534156,0.01593319053045027,0.44336428731283206,0.5131153862277995,database,shuffled-dipeptide,2,8,200,78421,17746615,0.5
52.500,1526,0.000,,false,0.8509740379534156,0.01593319053045027,0.44336428731283206,0.5131153862277995,database,shuffled-dipeptide,2,8,200,78421,17746615,0.5
53.000,1498,0.000,,false,0.8509740379534156,0.01593319053045027,0.44336428731283206,0.5131153862277995,database,shuffled-dipeptide,2,8,200,78421,17746615,0.5
53.500,1476,0.000,,false,0.8509740379534156,0.01593319053045027,0.44336428731283206,0.5131153862277995,database,shuffled-dipeptide,2,8,200,78421,17746615,0.5
54.000,1454,0.000,,false,0.8509740379534156,0.01593319053045027,0.44336428731283206,0.5131153862277995,database,shuffled-dipeptide,2,8,200,78421,17746615,0.5
54.500,1433,0.000,,false,0.8509740379534156,0.01593319053045027,0.44336428731283206,0.5131153862277995,database,shuffled-dipeptide,2,8,200,78421,17746615,0.5
55.000,1415,0.000,,false,0.8509740379534156,0.01593319053045027,0.44336428731283206,0.5131153862277995,database,shuffled-dipeptide,2,8,200,78421,17746615,0.5
55.500,1384,0.000,,false,0.8509740379534156,0.01593319053045027,0.44336428731283206,0.5131153862277995,database,shuffled-dipeptide,2,8,200,78421,17746615,0.5
56.000,1352,0.000,,false,0.8509740379534156,0.01593319053045027,0.44336428731283206,0.5131153862277995,database,shuffled-dipeptide,2,8,200,78421,17746615,0.5
56.500,1326,0.000,,false,0.8509740379534156,0.01593319053045027,0.44336428731283206,0.5131153862277995,database,shuffled-dipeptide,2,8,200,78421,17746615,0.5
57.000,1297,0.000,,false,0.8509740379534156,0.01593319053045027,0.44336428731283206,0.5131153862277995,database,shuffled-dipeptide,2,8,200,78421,17746615,0.5
57.500,1277,0.000,,false,0.8509740379534156,0.01593319053045027,0.44336428731283206,0.5131153862277995,database,shuffled-dipeptide,2,8,200,78421,17746615,0.5
58.000,1250,0.000,,false,0.8509740379534156,0.01593319053045027,0.44336428731283206,0.5131153862277995,database,shuffled-dipeptide,2,8,200,78421,17746615,0.5
58.500,1225,0.000,,false,0.8509740379534156,0.01593319053045027,0.44336428731283206,0.5131153862277995,database,shuffled-dipeptide,2,8,200,78421,17746615,0.5
59.000,1194,0.000,,false,0.8509740379534156,0.01593319053045027,0.44336428731283206,0.5131153862277995,database,shuffled-dipeptide,2,8,200,78421,17746615,0.5
59.500,1155,0.000,,false,0.8509740379534156,0.01593319053045027,0.44336428731283206,0.5131153862277995,database,shuffled-dipeptide,2,8,200,78421,17746615,0.5
60.000,1137,0.000,,false,0.8509740379534156,0.01593319053045027,0.44336428731283206,0.5131153862277995,database,shuffled-dipeptide,2,8,200,78421,17746615,0.5
60.500,1111,0.000,,false,0.8509740379534156,0.01593319053045027,0.44336428731283206,0.5131153862277995,database,shuffled-dipeptide,2,8,200,78421,17746615,0.5
61.000,1086,0.000,,false,0.8509740379534156,0.01593319053045027,0.44336428731283206,0.5131153862277995,database,shuffled-dipeptide,2,8,200,78421,17746615,0.5
61.500,1064,0.000,,false,0.8509740379534156,0.01593319053045027,0.44336428731283206,0.5131153862277995,database,shuffled-dipeptide,2,8,200,78421,17746615,0.5
62.000,1052,0.000,,false,0.8509740379534156,0.01593319053045027,0.44336428731283206,0.5131153862277995,database,shuffled-dipeptide,2,8,200,78421,17746615,0.5
62.500,1023,0.000,,false,0.8509740379534156,0.01593319053045027,0.44336428731283206,0.5131153862277995,database,shuffled-dipeptide,2,8,200,78421,17746615,0.5
63.000,1009,0.000,,false,0.8509740379534156,0.01593319053045027,0.44336428731283206,0.5131153862277995,database,shuffled-dipeptide,2,8,200,78421,17746615,0.5
63.500,993,0.000,,false,0.8509740379534156,0.01593319053045027,0.44336428731283206,0.5131153862277995,database,shuffled-dipeptide,2,8,200,78421,17746615,0.5
64.000,977,0.000,,false,0.8509740379534156,0.01593319053045027,0.44336428731283206,0.5131153862277995,database,shuffled-dipeptide,2,8,200,78421,17746615,0.5
64.500,961,0.000,,false,0.8509740379534156,0.01593319053045027,0.44336428731283206,0.5131153862277995,database,shuffled-dipeptide,2,8,200,78421,17746615,0.5
65.000,941,0.000,,false,0.8509740379534156,0.01593319053045027,0.44336428731283206,0.5131153862277995,database,shuffled-dipeptide,2,8,200,78421,17746615,0.5
65.500,928,0.000,,false,0.8509740379534156,0.01593319053045027,0.44336428731283206,0.5131153862277995,database,shuffled-dipeptide,2,8,200,78421,17746615,0.5
66.000,911,0.000,,false,0.8509740379534156,0.01593319053045027,0.44336428731283206,0.5131153862277995,database,shuffled-dipeptide,2,8,200,78421,17746615,0.5
66.500,895,0.000,,false,0.8509740379534156,0.01593319053045027,0.44336428731283206,0.5131153862277995,database,shuffled-dipeptide,2,8,200,78421,17746615,0.5
67.000,879,0.000,,false,0.8509740379534156,0.01593319053045027,0.44336428731283206,0.5131153862277995,database,shuffled-dipeptide,2,8,200,78421,17746615,0.5
67.500,860,0.000,,false,0.8509740379534156,0.01593319053045027,0.44336428731283206,0.5131153862277995,database,shuffled-dipeptide,2,8,200,78421,17746615,0.5
68.000,838,0.000,,false,0.8509740379534156,0.01593319053045027,0.44336428731283206,0.5131153862277995,database,shuffled-dipeptide,2,8,200,78421,17746615,0.5
68.500,821,0.000,,false,0.8509740379534156,0.01593319053045027,0.44336428731283206,0.5131153862277995,database,shuffled-dipeptide,2,8,200,78421,17746615,0.5
69.000,812,0.000,,false,0.8509740379534156,0.01593319053045027,0.44336428731283206,0.5131153862277995,database,shuffled-dipeptide,2,8,200,78421,17746615,0.5
69.500,794,0.000,,false,0.8509740379534156,0.01593319053045027,0.44336428731283206,0.5131153862277995,database,shuffled-dipeptide,2,8,200,78421,17746615,0.5
70.000,782,0.000,,false,0.8509740379534156,0.01593319053045027,0.44336428731283206,0.5131153862277995,database,shuffled-dipeptide,2,8,200,78421,17746615,0.5
70.500,769,0.000,,false,0.8509740379534156,0.01593319053045027,0.44336428731283206,0.5131153862277995,database,shuffled-dipeptide,2,8,200,78421,17746615,0.5
71.000,754,0.000,,false,0.8509740379534156,0.01593319053045027,0.44336428731283206,0.5131153862277995,database,shuffled-dipeptide,2,8,200,78421,17746615,0.5
71.500,736,0.000,,false,0.8509740379534156,0.01593319053045027,0.44336428731283206,0.5131153862277995,database,shuffled-dipeptide,2,8,200,78421,17746615,0.5
72.000,725,0.000,,false,0.8509740379534156,0.01593319053045027,0.44336428731283206,0.5131153862277995,database,shuffled-dipeptide,2,8,200,78421,17746615,0.5
72.500,718,0.000,,false,0.8509740379534156,0.01593319053045027,0.44336428731283206,0.5131153862277995,database,shuffled-dipeptide,2,8,200,78421,17746615,0.5
73.000,703,0.000,,false,0.8509740379534156,0.01593319053045027,0.44336428731283206,0.5131153862277995,database,shuffled-dipeptide,2,8,200,78421,17746615,0.5
73.500,688,0.000,,false,0.8509740379534156,0.01593319053045027,0.44336428731283206,0.5131153862277995,database,shuffled-dipeptide,2,8,200,78421,17746615,0.5
74.000,673,0.000,,false,0.8509740379534156,0.01593319053045027,0.44336428731283206,0.5131153862277995,database,shuffled-dipeptide,2,8,200,78421,17746615,0.5
74.500,668,0.000,,false,0.8509740379534156,0.01593319053045027,0.44336428731283206,0.5131153862277995,database,shuffled-dipeptide,2,8,200,78421,17746615,0.5
75.000,658,0.000,,false,0.8509740379534156,0.01593319053045027,0.44336428731283206,0.5131153862277995,database,shuffled-dipeptide,2,8,200,78421,17746615,0.5
75.500,647,0.000,,false,0.8509740379534156,0.01593319053045027,0.44336428731283206,0.5131153862277995,database,shuffled-dipeptide,2,8,200,78421,17746615,0.5
76.000,638,0.000,,false,0.8509740379534156,0.01593319053045027,0.44336428731283206,0.5131153862277995,database,shuffled-dipeptide,2,8,200,78421,17746615,0.5
76.500,633,0.000,,false,0.8509740379534156,0.01593319053045027,0.44336428731283206,0.5131153862277995,database,shuffled-dipeptide,2,8,200,78421,17746615,0.5
77.000,621,0.000,,false,0.8509740379534156,0.01593319053045027,0.44336428731283206,0.5131153862277995,database,shuffled-dipeptide,2,8,200,78421,17746615,0.5
77.500,612,0.000,,false,0.8509740379534156,0.01593319053045027,0.44336428731283206,0.5131153862277995,database,shuffled-dipeptide,2,8,200,78421,17746615,0.5
78.000,608,0.000,,false,0.8509740379534156,0.01593319053045027,0.44336428731283206,0.5131153862277995,database,shuffled-dipeptide,2,8,200,78421,17746615,0.5
78.500,592,0.000,,false,0.8509740379534156,0.01593319053045027,0.44336428731283206,0.5131153862277995,database,shuffled-dipeptide,2,8,200,78421,17746615,0.5
79.000,583,0.000,,false,0.8509740379534156,0.01593319053045027,0.44336428731283206,0.5131153862277995,database,shuffled-dipeptide,2,8,200,78421,17746615,0.5
79.500,575,0.000,,false,0.8509740379534156,0.01593319053045027,0.44336428731283206,0.5131153862277995,database,shuffled-dipeptide,2,8,200,78421,17746615,0.5
80.000,569,0.000,,false,0.8509740379534156,0.01593319053045027,0.44336428731283206,0.5131153862277995,database,shuffled-dipeptide,2,8,200,78421,17746615,0.5
80.500,556,0.000,,false,0.8509740379534156,0.01593319053045027,0.44336428731283206,0.5131153862277995,database,shuffled-dipeptide,2,8,200,78421,17746615,0.5
81.000,548,0.000,,false,0.8509740379534156,0.01593319053045027,0.44336428731283206,0.5131153862277995,database,shuffled-dipeptide,2,8,200,78421,17746615,0.5
81.500,545,0.000,,false,0.8509740379534156,0.01593319053045027,0.44336428731283206,0.5131153862277995,database,shuffled-dipeptide,2,8,200,78421,17746615,0.5
82.000,535,0.000,,false,0.8509740379534156,0.01593319053045027,0.44336428731283206,0.5131153862277995,database,shuffled-dipeptide,2,8,200,78421,17746615,0.5
82.500,530,0.000,,false,0.8509740379534156,0.01593319053045027,0.44336428731283206,0.5131153862277995,database,shuffled-dipeptide,2,8,200,78421,17746615,0.5
83.000,514,0.000,,false,0.8509740379534156,0.01593319053045027,0.44336428731283206,0.5131153862277995,database,shuffled-dipeptide,2,8,200,78421,17746615,0.5
83.500,504,0.000,,false,0.8509740379534156,0.01593319053045027,0.44336428731283206,0.5131153862277995,database,shuffled-dipeptide,2,8,200,78421,17746615,0.5
84.000,498,0.000,,false,0.8509740379534156,0.01593319053045027,0.44336428731283206,0.5131153862277995,database,shuffled-dipeptide,2,8,200,78421,17746615,0.5
84.500,494,0.000,,false,0.8509740379534156,0.01593319053045027,0.44336428731283206,0.5131153862277995,database,shuffled-dipeptide,2,8,200,78421,17746615,0.5
85.000,490,0.000,,false,0.8509740379534156,0.01593319053045027,0.44336428731283206,0.5131153862277995,database,shuffled-dipeptide,2,8,200,78421,17746615,0.5
85.500,484,0.000,,false,0.8509740379534156,0.01593319053045027,0.44336428731283206,0.5131153862277995,database,shuffled-dipeptide,2,8,200,78421,17746615,0.5
86.000,477,0.000,,false,0.8509740379534156,0.01593319053045027,0.44336428731283206,0.5131153862277995,database,shuffled-dipeptide,2,8,200,78421,17746615,0.5
86.500,469,0.000,,false,0.8509740379534156,0.01593319053045027,0.44336428731283206,0.5131153862277995,database,shuffled-dipeptide,2,8,200,78421,17746615,0.5
87.000,467,0.000,,false,0.8509740379534156,0.01593319053045027,0.44336428731283206,0.5131153862277995,database,shuffled-dipeptide,2,8,200,78421,17746615,0.5
87.500,462,0.000,,false,0.8509740379534156,0.01593319053045027,0.44336428731283206,0.5131153862277995,database,shuffled-dipeptide,2,8,200,78421,17746615,0.5
88.000,457,0.000,,false,0.8509740379534156,0.01593319053045027,0.44336428731283206,0.5131153862277995,database,shuffled-dipeptide,2,8,200,78421,17746615,0.5
88.500,454,0.000,,false,0.8509740379534156,0.01593319053045027,0.44336428731283206,0.5131153862277995,database,shuffled-dipeptide,2,8,200,78421,17746615,0.5
89.000,445,0.000,,false,0.8509740379534156,0.01593319053045027,0.44336428731283206,0.5131153862277995,database,shuffled-dipeptide,2,8,200,78421,17746615,0.5
89.500,437,0.000,,false,0.8509740379534156,0.01593319053045027,0.44336428731283206,0.5131153862277995,database,shuffled-dipeptide,2,8,200,78421,17746615,0.5
90.000,432,0.000,,false,0.8509740379534156,0.01593319053045027,0.44336428731283206,0.5131153862277995,database,shuffled-dipeptide,2,8,200,78421,17746615,0.5
90.500,421,0.000,,false,0.8509740379534156,0.01593319053045027,0.44336428731283206,0.5131153862277995,database,shuffled-dipeptide,2,8,200,78421,17746615,0.5
91.000,420,0.000,,false,0.8509740379534156,0.01593319053045027,0.44336428731283206,0.5131153862277995,database,shuffled-dipeptide,2,8,200,78421,17746615,0.5
91.500,415,0.000,,false,0.8509740379534156,0.01593319053045027,0.44336428731283206,0.5131153862277995,database,shuffled-dipeptide,2,8,200,78421,17746615,0.5
92.000,411,0.000,,false,0.8509740379534156,0.01593319053045027,0.44336428731283206,0.5131153862277995,database,shuffled-dipeptide,2,8,200,78421,17746615,0.5
92.500,410,0.000,,false,0.8509740379534156,0.01593319053045027,0.44336428731283206,0.5131153862277995,database,shuffled-dipeptide,2,8,200,78421,17746615,0.5
93.000,403,0.000,,false,0.8509740379534156,0.01593319053045027,0.44336428731283206,0.5131153862277995,database,shuffled-dipeptide,2,8,200,78421,17746615,0.5
93.500,402,0.000,,false,0.8509740379534156,0.01593319053045027,0.44336428731283206,0.5131153862277995,database,shuffled-dipeptide,2,8,200,78421,17746615,0.5
94.000,399,0.000,,false,0.8509740379534156,0.01593319053045027,0.44336428731283206,0.5131153862277995,database,shuffled-dipeptide,2,8,200,78421,17746615,0.5
94.500,393,0.000,,false,0.8509740379534156,0.01593319053045027,0.44336428731283206,0.5131153862277995,database,shuffled-dipeptide,2,8,200,78421,17746615,0.5
95.000,390,0.000,,false,0.8509740379534156,0.01593319053045027,0.44336428731283206,0.5131153862277995,database,shuffled-dipeptide,2,8,200,78421,17746615,0.5
95.500,382,0.000,,false,0.8509740379534156,0.01593319053045027,0.44336428731283206,0.5131153862277995,database,shuffled-dipeptide,2,8,200,78421,17746615,0.5
96.000,375,0.000,,false,0.8509740379534156,0.01593319053045027,0.44336428731283206,0.5131153862277995,database,shuffled-dipeptide,2,8,200,78421,17746615,0.5
96.500,372,0.000,,false,0.8509740379534156,0.01593319053045027,0.44336428731283206,0.5131153862277995,database,shuffled-dipeptide,2,8,200,78421,17746615,0.5
97.000,365,0.000,,false,0.8509740379534156,0.01593319053045027,0.44336428731283206,0.5131153862277995,database,shuffled-dipeptide,2,8,200,78421,17746615,0.5
97.500,361,0.000,,false,0.8509740379534156,0.01593319053045027,0.44336428731283206,0.5131153862277995,database,shuffled-dipeptide,2,8,200,78421,17746615,0.5
98.000,356,0.000,,false,0.8509740379534156,0.01593319053045027,0.44336428731283206,0.5131153862277995,database,shuffled-dipeptide,2,8,200,78421,17746615,0.5
98.500,354,0.000,,false,0.8509740379534156,0.01593319053045027,0.44336428731283206,0.5131153862277995,database,shuffled-dipeptide,2,8,200,78421,17746615,0.5
99.000,352,0.000,,false,0.8509740379534156,0.01593319053045027,0.44336428731283206,0.5131153862277995,database,shuffled-dipeptide,2,8,200,78421,17746615,0.5
99.500,348,0.000,,false,0.8509740379534156,0.01593319053045027,0.44336428731283206,0.5131153862277995,database,shuffled-dipeptide,2,8,200,78421,17746615,0.5
100.000,342,0.000,,false,0.8509740379534156,0.01593319053045027,0.44336428731283206,0.5131153862277995,database,shuffled-dipeptide,2,8,200,78421,17746615,0.5
100.500,339,0.000,,false,0.8509740379534156,0.01593319053045027,0.44336428731283206,0.5131153862277995,database,shuffled-dipeptide,2,8,200,78421,17746615,0.5
101.000,329,0.000,,false,0.8509740379534156,0.01593319053045027,0.44336428731283206,0.5131153862277995,database,shuffled-dipeptide,2,8,200,78421,17746615,0.5
101.500,322,0.000,,false,0.8509740379534156,0.01593319053045027,0.44336428731283206,0.5131153862277995,database,shuffled-dipeptide,2,8,200,78421,17746615,0.5
102.000,317,0.000,,false,0.8509740379534156,0.01593319053045027,0.44336428731283206,0.5131153862277995,database,shuffled-dipeptide,2,8,200,78421,17746615,0.5
102.500,313,0.000,,false,0.8509740379534156,0.01593319053045027,0.44336428731283206,0.5131153862277995,database,shuffled-dipeptide,2,8,200,78421,17746615,0.5
103.000,307,0.000,,false,0.8509740379534156,0.01593319053045027,0.44336428731283206,0.5131153862277995,database,shuffled-dipeptide,2,8,200,78421,17746615,0.5
103.500,299,0.000,,false,0.8509740379534156,0.01593319053045027,0.44336428731283206,0.5131153862277995,database,shuffled-dipeptide,2,8,200,78421,17746615,0.5
104.000,295,0.000,,false,0.8509740379534156,0.01593319053045027,0.44336428731283206,0.5131153862277995,database,shuffled-dipeptide,2,8,200,78421,17746615,0.5
104.500,289,0.000,,false,0.8509740379534156,0.01593319053045027,0.44336428731283206,0.5131153862277995,database,shuffled-dipeptide,2,8,200,78421,17746615,0.5
105.000,286,0.000,,false,0.8509740379534156,0.01593319053045027,0.44336428731283206,0.5131153862277995,database,shuffled-dipeptide,2,8,200,78421,17746615,0.5
105.500,281,0.000,,false,0.8509740379534156,0.01593319053045027,0.44336428731283206,0.5131153862277995,database,shuffled-dipeptide,2,8,200,78421,17746615,0.5
106.000,272,0.000,,false,0.8509740379534156,0.01593319053045027,0.44336428731283206,0.5131153862277995,database,shuffled-dipeptide,2,8,200,78421,17746615,0.5
106.500,266,0.000,,false,0.8509740379534156,0.01593319053045027,0.44336428731283206,0.5131153862277995,database,shuffled-dipeptide,2,8,200,78421,17746615,0.5
107.000,263,0.000,,false,0.8509740379534156,0.01593319053045027,0.44336428731283206,0.5131153862277995,database,shuffled-dipeptide,2,8,200,78421,17746615,0.5
107.500,255,0.000,,false,0.8509740379534156,0.01593319053045027,0.44336428731283206,0.5131153862277995,database,shuffled-dipeptide,2,8,200,78421,17746615,0.5
108.000,253,0.000,,false,0.8509740379534156,0.01593319053045027,0.44336428731283206,0.5131153862277995,database,shuffled-dipeptide,2,8,200,78421,17746615,0.5
108.500,245,0.000,,false,0.8509740379534156,0.01593319053045027,0.44336428731283206,0.5131153862277995,database,shuffled-dipeptide,2,8,200,78421,17746615,0.5
109.000,242,0.000,,false,0.8509740379534156,0.01593319053045027,0.44336428731283206,0.5131153862277995,database,shuffled-dipeptide,2,8,200,78421,17746615,0.5
109.500,239,0.000,,false,0.8509740379534156,0.01593319053045027,0.44336428731283206,0.5131153862277995,database,shuffled-dipeptide,2,8,200,78421,17746615,0.5
110.000,237,0.000,,false,0.8509740379534156,0.01593319053045027,0.44336428731283206,0.5131153862277995,database,shuffled-dipeptide,2,8,200,78421,17746615,0.5
110.500,232,0.000,,false,0.8509740379534156,0.01593319053045027,0.44336428731283206,0.5131153862277995,database,shuffled-dipeptide,2,8,200,78421,17746615,0.5
111.000,230,0.000,,false,0.8509740379534156,0.01593319053045027,0.44336428731283206,0.5131153862277995,database,shuffled-dipeptide,2,8,200,78421,17746615,0.5
111.500,227,0.000,,false,0.8509740379534156,0.01593319053045027,0.44336428731283206,0.5131153862277995,database,shuffled-dipeptide,2,8,200,78421,17746615,0.5
112.000,226,0.000,,false,0.8509740379534156,0.01593319053045027,0.44336428731283206,0.5131153862277995,database,shuffled-dipeptide,2,8,200,78421,17746615,0.5
112.500,224,0.000,,false,0.8509740379534156,0.01593319053045027,0.44336428731283206,0.5131153862277995,database,shuffled-dipeptide,2,8,200,78421,17746615,0.5
113.000,224,0.000,,false,0.8509740379534156,0.01593319053045027,0.44336428731283206,0.5131153862277995,database,shuffled-dipeptide,2,8,200,78421,17746615,0.5
113.500,224,0.000,,false,0.8509740379534156,0.01593319053045027,0.44336428731283206,0.5131153862277995,database,shuffled-dipeptide,2,8,200,78421,17746615,0.5
114.000,222,0.000,,false,0.8509740379534156,0.01593319053045027,0.44336428731283206,0.5131153862277995,database,shuffled-dipeptide,2,8,200,78421,17746615,0.5
114.500,221,0.000,,false,0.8509740379534156,0.01593319053045027,0.44336428731283206,0.5131153862277995,database,shuffled-dipeptide,2,8,200,78421,17746615,0.5
115.000,220,0.000,,false,0.8509740379534156,0.01593319053045027,0.44336428731283206,0.5131153862277995,database,shuffled-dipeptide,2,8,200,78421,17746615,0.5
115.500,215,0.000,,false,0.8509740379534156,0.01593319053045027,0.44336428731283206,0.5131153862277995,database,shuffled-dipeptide,2,8,200,78421,17746615,0.5
116.000,215,0.000,,false,0.8509740379534156,0.01593319053045027,0.44336428731283206,0.5131153862277995,database,shuffled-dipeptide,2,8,200,78421,17746615,0.5
116.500,213,0.000,,false,0.8509740379534156,0.01593319053045027,0.44336428731283206,0.5131153862277995,database,shuffled-dipeptide,2,8,200,78421,17746615,0.5
117.000,213,0.000,,false,0.8509740379534156,0.01593319053045027,0.44336428731283206,0.5131153862277995,database,shuffled-dipeptide,2,8,200,78421,17746615,0.5
117.500,211,0.000,,false,0.8509740379534156,0.01593319053045027,0.44336428731283206,0.5131153862277995,database,shuffled-dipeptide,2,8,200,78421,17746615,0.5
118.000,207,0.000,,false,0.8509740379534156,0.01593319053045027,0.44336428731283206,0.5131153862277995,database,shuffled-dipeptide,2,8,200,78421,17746615,0.5
118.500,206,0.000,,false,0.8509740379534156,0.01593319053045027,0.44336428731283206,0.5131153862277995,database,shuffled-dipeptide,2,8,200,78421,17746615,0.5
119.000,206,0.000,,false,0.8509740379534156,0.01593319053045027,0.44336428731283206,0.5131153862277995,database,shuffled-dipeptide,2,8,200,78421,17746615,0.5
119.500,204,0.000,,false,0.8509740379534156,0.01593319053045027,0.44336428731283206,0.5131153862277995,database,shuffled-dipeptide,2,8,200,78421,17746615,0.5
120.000,201,0.000,,false,0.8509740379534156,0.01593319053045027,0.44336428731283206,0.5131153862277995,database,shuffled-dipeptide,2,8,200,78421,17746615,0.5
120.500,200,0.000,,false,0.8509740379534156,0.01593319053045027,0.44336428731283206,0.5131153862277995,database,shuffled-dipeptide,2,8,200,78421,17746615,0.5
121.000,198,0.000,,false,0.8509740379534156,0.01593319053045027,0.44336428731283206,0.5131153862277995,database,shuffled-dipeptide,2,8,200,78421,17746615,0.5
121.500,196,0.000,,false,0.8509740379534156,0.01593319053045027,0.44336428731283206,0.5131153862277995,database,shuffled-dipeptide,2,8,200,78421,17746615,0.5
122.000,192,0.000,,false,0.8509740379534156,0.01593319053045027,0.44336428731283206,0.5131153862277995,database,shuffled-dipeptide,2,8,200,78421,17746615,0.5
122.500,189,0.000,,false,0.8509740379534156,0.01593319053045027,0.44336428731283206,0.5131153862277995,database,shuffled-dipeptide,2,8,200,78421,17746615,0.5
123.000,185,0.000,,false,0.8509740379534156,0.01593319053045027,0.44336428731283206,0.5131153862277995,database,shuffled-dipeptide,2,8,200,78421,17746615,0.5
123.500,184,0.000,,false,0.8509740379534156,0.01593319053045027,0.44336428731283206,0.5131153862277995,database,shuffled-dipeptide,2,8,200,78421,17746615,0.5
124.000,183,0.000,,false,0.8509740379534156,0.01593319053045027,0.44336428731283206,0.5131153862277995,database,shuffled-dipeptide,2,8,200,78421,17746615,0.5
124.500,180,0.000,,false,0.8509740379534156,0.01593319053045027,0.44336428731283206,0.5131153862277995,database,shuffled-dipeptide,2,8,200,78421,17746615,0.5
125.000,180,0.000,,false,0.8509740379534156,0.01593319053045027,0.44336428731283206,0.5131153862277995,database,shuffled-dipeptide,2,8,200,78421,17746615,0.5
125.500,175,0.000,,false,0.8509740379534156,0.01593319053045027,0.44336428731283206,0.5131153862277995,database,shuffled-dipeptide,2,8,200,78421,17746615,0.5
126.000,172,0.000,,false,0.8509740379534156,0.01593319053045027,0.44336428731283206,0.5131153862277995,database,shuffled-dipeptide,2,8,200,78421,17746615,0.5
126.500,167,0.000,,false,0.8509740379534156,0.01593319053045027,0.44336428731283206,0.5131153862277995,database,shuffled-dipeptide,2,8,200,78421,17746615,0.5
127.000,164,0.000,,false,0.8509740379534156,0.01593319053045027,0.44336428731283206,0.5131153862277995,database,shuffled-dipeptide,2,8,200,78421,17746615,0.5
127.500,159,0.000,,false,0.8509740379534156,0.01593319053045027,0.44336428731283206,0.5131153862277995,database,shuffled-dipeptide,2,8,200,78421,17746615,0.5
128.000,156,0.000,,false,0.8509740379534156,0.01593319053045027,0.44336428731283206,0.5131153862277995,database,shuffled-dipeptide,2,8,200,78421,17746615,0.5
128.500,152,0.000,,false,0.8509740379534156,0.01593319053045027,0.44336428731283206,0.5131153862277995,database,shuffled-dipeptide,2,8,200,78421,17746615,0.5
129.000,150,0.000,,false,0.8509740379534156,0.01593319053045027,0.44336428731283206,0.5131153862277995,database,shuffled-dipeptide,2,8,200,78421,17746615,0.5
129.500,149,0.000,,false,0.8509740379534156,0.01593319053045027,0.44336428731283206,0.5131153862277995,database,shuffled-dipeptide,2,8,200,78421,17746615,0.5
130.000,146,0.000,,false,0.8509740379534156,0.01593319053045027,0.44336428731283206,0.5131153862277995,database,shuffled-dipeptide,2,8,200,78421,17746615,0.5
130.500,145,0.000,,false,0.8509740379534156,0.01593319053045027,0.44336428731283206,0.5131153862277995,database,shuffled-dipeptide,2,8,200,78421,17746615,0.5
131.000,143,0.000,,false,0.8509740379534156,0.01593319053045027,0.44336428731283206,0.5131153862277995,database,shuffled-dipeptide,2,8,200,78421,17746615,0.5
131.500,143,0.000,,false,0.8509740379534156,0.01593319053045027,0.44336428731283206,0.5131153862277995,database,shuffled-dipeptide,2,8,200,78421,17746615,0.5
132.000,142,0.000,,false,0.8509740379534156,0.01593319053045027,0.44336428731283206,0.5131153862277995,database,shuffled-dipeptide,2,8,200,78421,17746615,0.5
132.500,140,0.000,,false,0.8509740379534156,0.01593319053045027,0.44336428731283206,0.5131153862277995,database,shuffled-dipeptide,2,8,200,78421,17746615,0.5
133.000,140,0.000,,false,0.8509740379534156,0.01593319053045027,0.44336428731283206,0.5131153862277995,database,shuffled-dipeptide,2,8,200,78421,17746615,0.5
133.500,140,0.000,,false,0.8509740379534156,0.01593319053045027,0.44336428731283206,0.5131153862277995,database,shuffled-dipeptide,2,8,200,78421,17746615,0.5
134.000,140,0.000,,false,0.8509740379534156,0.01593319053045027,0.44336428731283206,0.5131153862277995,database,shuffled-dipeptide,2,8,200,78421,17746615,0.5
134.500,138,0.000,,false,0.8509740379534156,0.01593319053045027,0.44336428731283206,0.5131153862277995,database,shuffled-dipeptide,2,8,200,78421,17746615,0.5
135.000,136,0.000,,false,0.8509740379534156,0.01593319053045027,0.44336428731283206,0.5131153862277995,database,shuffled-dipeptide,2,8,200,78421,17746615,0.5
135.500,135,0.000,,false,0.8509740379534156,0.01593319053045027,0.44336428731283206,0.5131153862277995,database,shuffled-dipeptide,2,8,200,78421,17746615,0.5
136.000,134,0.000,,false,0.8509740379534156,0.01593319053045027,0.44336428731283206,0.5131153862277995,database,shuffled-dipeptide,2,8,200,78421,17746615,0.5
136.500,131,0.000,,false,0.8509740379534156,0.01593319053045027,0.44336428731283206,0.5131153862277995,database,shuffled-dipeptide,2,8,200,78421,17746615,0.5
137.000,131,0.000,,false,0.8509740379534156,0.01593319053045027,0.44336428731283206,0.5131153862277995,database,shuffled-dipeptide,2,8,200,78421,17746615,0.5
137.500,130,0.000,,false,0.8509740379534156,0.01593319053045027,0.44336428731283206,0.5131153862277995,database,shuffled-dipeptide,2,8,200,78421,17746615,0.5
138.000,129,0.000,,false,0.8509740379534156,0.01593319053045027,0.44336428731283206,0.5131153862277995,database,shuffled-dipeptide,2,8,200,78421,17746615,0.5
138.500,129,0.000,,false,0.8509740379534156,0.01593319053045027,0.44336428731283206,0.5131153862277995,database,shuffled-dipeptide,2,8,200,78421,17746615,0.5
139.000,129,0.000,,false,0.8509740379534156,0.01593319053045027,0.44336428731283206,0.5131153862277995,database,shuffled-dipeptide,2,8,200,78421,17746615,0.5
139.500,129,0.000,,false,0.8509740379534156,0.01593319053045027,0.44336428731283206,0.5131153862277995,database,shuffled-dipeptide,2,8,200,78421,17746615,0.5
140.000,128,0.000,,false,0.8509740379534156,0.01593319053045027,0.44336428731283206,0.5131153862277995,database,shuffled-dipeptide,2,8,200,78421,17746615,0.5
140.500,128,0.000,,false,0.8509740379534156,0.01593319053045027,0.44336428731283206,0.5131153862277995,database,shuffled-dipeptide,2,8,200,78421,17746615,0.5
141.000,128,0.000,,false,0.8509740379534156,0.01593319053045027,0.44336428731283206,0.5131153862277995,database,shuffled-dipeptide,2,8,200,78421,17746615,0.5
141.500,127,0.000,,false,0.8509740379534156,0.01593319053045027,0.44336428731283206,0.5131153862277995,database,shuffled-dipeptide,2,8,200,78421,17746615,0.5
142.000,127,0.000,,false,0.8509740379534156,0.01593319053045027,0.44336428731283206,0.5131153862277995,database,shuffled-dipeptide,2,8,200,78421,17746615,0.5
142.500,127,0.000,,false,0.8509740379534156,0.01593319053045027,0.44336428731283206,0.5131153862277995,database,shuffled-dipeptide,2,8,200,78421,17746615,0.5
143.000,127,0.000,,false,0.8509740379534156,0.01593319053045027,0.44336428731283206,0.5131153862277995,database,shuffled-dipeptide,2,8,200,78421,17746615,0.5
143.500,127,0.000,,false,0.8509740379534156,0.01593319053045027,0.44336428731283206,0.5131153862277995,database,shuffled-dipeptide,2,8,200,78421,17746615,0.5
144.000,126,0.000,,false,0.8509740379534156,0.01593319053045027,0.44336428731283206,0.5131153862277995,database,shuffled-dipeptide,2,8,200,78421,17746615,0.5
144.500,126,0.000,,false,0.8509740379534156,0.01593319053045027,0.44336428731283206,0.5131153862277995,database,shuffled-dipeptide,2,8,200,78421,17746615,0.5
145.000,126,0.000,,false,0.8509740379534156,0.01593319053045027,0.44336428731283206,0.5131153862277995,database,shuffled-dipeptide,2,8,200,78421,17746615,0.5
145.500,126,0.000,,false,0.8509740379534156,0.01593319053045027,0.44336428731283206,0.5131153862277995,database,shuffled-dipeptide,2,8,200,78421,17746615,0.5
146.000,126,0.000,,false,0.8509740379534156,0.01593319053045027,0.44336428731283206,0.5131153862277995,database,shuffled-dipeptide,2,8,200,78421,17746615,0.5
146.500,125,0.000,,false,0.8509740379534156,0.01593319053045027,0.44336428731283206,0.5131153862277995,database,shuffled-dipeptide,2,8,200,78421,17746615,0.5
147.000,125,0.000,,false,0.8509740379534156,0.01593319053045027,0.44336428731283206,0.5131153862277995,database,shuffled-dipeptide,2,8,200,78421,17746615,0.5
147.500,125,0.000,,false,0.8509740379534156,0.01593319053045027,0.44336428731283206,0.5131153862277995,database,shuffled-dipeptide,2,8,200,78421,17746615,0.5
148.000,125,0.000,,false,0.8509740379534156,0.01593319053045027,0.44336428731283206,0.5131153862277995,database,shuffled-dipeptide,2,8,200,78421,17746615,0.5
148.500,124,0.000,,false,0.8509740379534156,0.01593319053045027,0.44336428731283206,0.5131153862277995,database,shuffled-dipeptide,2,8,200,78421,17746615,0.5
149.000,124,0.000,,false,0.8509740379534156,0.01593319053045027,0.44336428731283206,0.5131153862277995,database,shuffled-dipeptide,2,8,200,78421,17746615,0.5
149.500,122,0.000,,false,0.8509740379534156,0.01593319053045027,0.44336428731283206,0.5131153862277995,database,shuffled-dipeptide,2,8,200,78421,17746615,0.5
150.000,121,0.000,,false,0.8509740379534156,0.01593319053045027,0.44336428731283206,0.5131153862277995,database,shuffled-dipeptide,2,8,200,78421,17746615,0.5
150.500,120,0.000,,false,0.8509740379534156,0.01593319053045027,0.44336428731283206,0.5131153862277995,database,shuffled-dipeptide,2,8,200,78421,17746615,0.5
151.000,120,0.000,,false,0.8509740379534156,0.01593319053045027,0.44336428731283206,0.5131153862277995,database,shuffled-dipeptide,2,8,200,78421,17746615,0.5
151.500,118,0.000,,false,0.8509740379534156,0.01593319053045027,0.44336428731283206,0.5131153862277995,database,shuffled-dipeptide,2,8,200,78421,17746615,0.5
152.000,118,0.000,,false,0.8509740379534156,0.01593319053045027,0.44336428731283206,0.5131153862277995,database,shuffled-dipeptide,2,8,200,78421,17746615,0.5
152.500,118,0.000,,false,0.8509740379534156,0.01593319053045027,0.44336428731283206,0.5131153862277995,database,shuffled-dipeptide,2,8,200,78421,17746615,0.5
153.000,117,0.000,,false,0.8509740379534156,0.01593319053045027,0.44336428731283206,0.5131153862277995,database,shuffled-dipeptide,2,8,200,78421,17746615,0.5
153.500,116,0.000,,false,0.8509740379534156,0.01593319053045027,0.44336428731283206,0.5131153862277995,database,shuffled-dipeptide,2,8,200,78421,17746615,0.5
154.000,116,0.000,,false,0.8509740379534156,0.01593319053045027,0.44336428731283206,0.5131153862277995,database,shuffled-dipeptide,2,8,200,78421,17746615,0.5
154.500,114,0.000,,false,0.8509740379534156,0.01593319053045027,0.44336428731283206,0.5131153862277995,database,shuffled-dipeptide,2,8,200,78421,17746615,0.5
155.000,114,0.000,,false,0.8509740379534156,0.01593319053045027,0.44336428731283206,0.5131153862277995,database,shuffled-dipeptide,2,8,200,78421,17746615,0.5
155.500,114,0.000,,false,0.8509740379534156,0.01593319053045027,0.44336428731283206,0.5131153862277995,database,shuffled-dipeptide,2,8,200,78421,17746615,0.5
156.000,113,0.000,,false,0.8509740379534156,0.01593319053045027,0.44336428731283206,0.5131153862277995,database,shuffled-dipeptide,2,8,200,78421,17746615,0.5
156.500,113,0.000,,false,0.8509740379534156,0.01593319053045027,0.44336428731283206,0.5131153862277995,database,shuffled-dipeptide,2,8,200,78421,17746615,0.5
157.000,112,0.000,,false,0.8509740379534156,0.01593319053045027,0.44336428731283206,0.5131153862277995,database,shuffled-dipeptide,2,8,200,78421,17746615,0.5
157.500,112,0.000,,false,0.8509740379534156,0.01593319053045027,0.44336428731283206,0.5131153862277995,database,shuffled-dipeptide,2,8,200,78421,17746615,0.5
158.000,111,0.000,,false,0.8509740379534156,0.01593319053045027,0.44336428731283206,0.5131153862277995,database,shuffled-dipeptide,2,8,200,78421,17746615,0.5
158.500,110,0.000,,false,0.8509740379534156,0.01593319053045027,0.44336428731283206,0.5131153862277995,database,shuffled-dipeptide,2,8,200,78421,17746615,0.5
159.000,110,0.000,,false,0.8509740379534156,0.01593319053045027,0.44336428731283206,0.5131153862277995,database,shuffled-dipeptide,2,8,200,78421,17746615,0.5
159.500,110,0.000,,false,0.8509740379534156,0.01593319053045027,0.44336428731283206,0.5131153862277995,database,shuffled-dipeptide,2,8,200,78421,17746615,0.5
160.000,110,0.000,,false,0.8509740379534156,0.01593319053045027,0.44336428731283206,0.5131153862277995,database,shuffled-dipeptide,2,8,200,78421,17746615,0.5
160.500,109,0.000,,false,0.8509740379534156,0.01593319053045027,0.44336428731283206,0.5131153862277995,database,shuffled-dipeptide,2,8,200,78421,17746615,0.5
161.000,107,0.000,,false,0.8509740379534156,0.01593319053045027,0.44336428731283206,0.5131153862277995,database,shuffled-dipeptide,2,8,200,78421,17746615,0.5
161.500,106,0.000,,false,0.8509740379534156,0.01593319053045027,0.44336428731283206,0.5131153862277995,database,shuffled-dipeptide,2,8,200,78421,17746615,0.5
162.000,105,0.000,,false,0.8509740379534156,0.01593319053045027,0.44336428731283206,0.5131153862277995,database,shuffled-dipeptide,2,8,200,78421,17746615,0.5
162.500,105,0.000,,false,0.8509740379534156,0.01593319053045027,0.44336428731283206,0.5131153862277995,database,shuffled-dipeptide,2,8,200,78421,17746615,0.5
163.000,105,0.000,,false,0.8509740379534156,0.01593319053045027,0.44336428731283206,0.5131153862277995,database,shuffled-dipeptide,2,8,200,78421,17746615,0.5
163.500,105,0.000,,false,0.8509740379534156,0.01593319053045027,0.44336428731283206,0.5131153862277995,database,shuffled-dipeptide,2,8,200,78421,17746615,0.5
164.000,104,0.000,,false,0.8509740379534156,0.01593319053045027,0.44336428731283206,0.5131153862277995,database,shuffled-dipeptide,2,8,200,78421,17746615,0.5
164.500,104,0.000,,false,0.8509740379534156,0.01593319053045027,0.44336428731283206,0.5131153862277995,database,shuffled-dipeptide,2,8,200,78421,17746615,0.5
165.000,104,0.000,,false,0.8509740379534156,0.01593319053045027,0.44336428731283206,0.5131153862277995,database,shuffled-dipeptide,2,8,200,78421,17746615,0.5
165.500,103,0.000,,false,0.8509740379534156,0.01593319053045027,0.44336428731283206,0.5131153862277995,database,shuffled-dipeptide,2,8,200,78421,17746615,0.5
166.000,102,0.000,,false,0.8509740379534156,0.01593319053045027,0.44336428731283206,0.5131153862277995,database,shuffled-dipeptide,2,8,200,78421,17746615,0.5
166.500,99,0.000,,false,0.8509740379534156,0.01593319053045027,0.44336428731283206,0.5131153862277995,database,shuffled-dipeptide,2,8,200,78421,17746615,0.5
167.000,99,0.000,,false,0.8509740379534156,0.01593319053045027,0.44336428731283206,0.5131153862277995,database,shuffled-dipeptide,2,8,200,78421,17746615,0.5
167.500,98,0.000,,false,0.8509740379534156,0.01593319053045027,0.44336428731283206,0.5131153862277995,database,shuffled-dipeptide,2,8,200,78421,17746615,0.5
168.000,98,0.000,,false,0.8509740379534156,0.01593319053045027,0.44336428731283206,0.5131153862277995,database,shuffled-dipeptide,2,8,200,78421,17746615,0.5
168.500,96,0.000,,false,0.8509740379534156,0.01593319053045027,0.44336428731283206,0.5131153862277995,database,shuffled-dipeptide,2,8,200,78421,17746615,0.5
169.000,95,0.000,,false,0.8509740379534156,0.01593319053045027,0.44336428731283206,0.5131153862277995,database,shuffled-dipeptide,2,8,200,78421,17746615,0.5
169.500,94,0.000,,false,0.8509740379534156,0.01593319053045027,0.44336428731283206,0.5131153862277995,database,shuffled-dipeptide,2,8,200,78421,17746615,0.5
170.000,94,0.000,,false,0.8509740379534156,0.01593319053045027,0.44336428731283206,0.5131153862277995,database,shuffled-dipeptide,2,8,200,78421,17746615,0.5
170.500,94,0.000,,false,0.8509740379534156,0.01593319053045027,0.44336428731283206,0.5131153862277995,database,shuffled-dipeptide,2,8,200,78421,17746615,0.5
171.000,92,0.000,,false,0.8509740379534156,0.01593319053045027,0.44336428731283206,0.5131153862277995,database,shuffled-dipeptide,2,8,200,78421,17746615,0.5
171.500,90,0.000,,false,0.8509740379534156,0.01593319053045027,0.44336428731283206,0.5131153862277995,database,shuffled-dipeptide,2,8,200,78421,17746615,0.5
172.000,90,0.000,,false,0.8509740379534156,0.01593319053045027,0.44336428731283206,0.5131153862277995,database,shuffled-dipeptide,2,8,200,78421,17746615,0.5
172.500,87,0.000,,false,0.8509740379534156,0.01593319053045027,0.44336428731283206,0.5131153862277995,database,shuffled-dipeptide,2,8,200,78421,17746615,0.5
173.000,85,0.000,,false,0.8509740379534156,0.01593319053045027,0.44336428731283206,0.5131153862277995,database,shuffled-dipeptide,2,8,200,78421,17746615,0.5
173.500,83,0.000,,false,0.8509740379534156,0.01593319053045027,0.44336428731283206,0.5131153862277995,database,shuffled-dipeptide,2,8,200,78421,17746615,0.5
174.000,83,0.000,,false,0.8509740379534156,0.01593319053045027,0.44336428731283206,0.5131153862277995,database,shuffled-dipeptide,2,8,200,78421,17746615,0.5
174.500,83,0.000,,false,0.8509740379534156,0.01593319053045027,0.44336428731283206,0.5131153862277995,database,shuffled-dipeptide,2,8,200,78421,17746615,0.5
175.000,82,0.000,,false,0.8509740379534156,0.01593319053045027,0.44336428731283206,0.5131153862277995,database,shuffled-dipeptide,2,8,200,78421,17746615,0.5
175.500,80,0.000,,false,0.8509740379534156,0.01593319053045027,0.44336428731283206,0.5131153862277995,database,shuffled-dipeptide,2,8,200,78421,17746615,0.5
176.000,78,0.000,,false,0.8509740379534156,0.01593319053045027,0.44336428731283206,0.5131153862277995,database,shuffled-dipeptide,2,8,200,78421,17746615,0.5
176.500,78,0.000,,false,0.8509740379534156,0.01593319053045027,0.44336428731283206,0.5131153862277995,database,shuffled-dipeptide,2,8,200,78421,17746615,0.5
177.000,78,0.000,,false,0.8509740379534156,0.01593319053045027,0.44336428731283206,0.5131153862277995,database,shuffled-dipeptide,2,8,200,78421,17746615,0.5
177.500,78,0.000,,false,0.8509740379534156,0.01593319053045027,0.44336428731283206,0.5131153862277995,database,shuffled-dipeptide,2,8,200,78421,17746615,0.5
178.000,77,0.000,,false,0.8509740379534156,0.01593319053045027,0.44336428731283206,0.5131153862277995,database,shuffled-dipeptide,2,8,200,78421,17746615,0.5
178.500,73,0.000,,false,0.8509740379534156,0.01593319053045027,0.44336428731283206,0.5131153862277995,database,shuffled-dipeptide,2,8,200,78421,17746615,0.5
179.000,72,0.000,,false,0.8509740379534156,0.01593319053045027,0.44336428731283206,0.5131153862277995,database,shuffled-dipeptide,2,8,200,78421,17746615,0.5
179.500,71,0.000,,false,0.8509740379534156,0.01593319053045027,0.44336428731283206,0.5131153862277995,database,shuffled-dipeptide,2,8,200,78421,17746615,0.5
180.000,70,0.000,,false,0.8509740379534156,0.01593319053045027,0.44336428731283206,0.5131153862277995,database,shuffled-dipeptide,2,8,200,78421,17746615,0.5
180.500,69,0.000,,false,0.8509740379534156,0.01593319053045027,0.44336428731283206,0.5131153862277995,database,shuffled-dipeptide,2,8,200,78421,17746615,0.5
181.000,68,0.000,,false,0.8509740379534156,0.01593319053045027,0.44336428731283206,0.5131153862277995,database,shuffled-dipeptide,2,8,200,78421,17746615,0.5
181.500,65,0.000,,false,0.8509740379534156,0.01593319053045027,0.44336428731283206,0.5131153862277995,database,shuffled-dipeptide,2,8,200,78421,17746615,0.5
182.000,64,0.000,,false,0.8509740379534156,0.01593319053045027,0.44336428731283206,0.5131153862277995,database,shuffled-dipeptide,2,8,200,78421,17746615,0.5
182.500,63,0.000,,false,0.8509740379534156,0.01593319053045027,0.44336428731283206,0.5131153862277995,database,shuffled-dipeptide,2,8,200,78421,17746615,0.5
183.000,60,0.000,,false,0.8509740379534156,0.01593319053045027,0.44336428731283206,0.5131153862277995,database,shuffled-dipeptide,2,8,200,78421,17746615,0.5
183.500,57,0.000,,false,0.8509740379534156,0.01593319053045027,0.44336428731283206,0.5131153862277995,database,shuffled-dipeptide,2,8,200,78421,17746615,0.5
184.000,56,0.000,,false,0.8509740379534156,0.01593319053045027,0.44336428731283206,0.5131153862277995,database,shuffled-dipeptide,2,8,200,78421,17746615,0.5
184.500,54,0.000,,false,0.8509740379534156,0.01593319053045027,0.44336428731283206,0.5131153862277995,database,shuffled-dipeptide,2,8,200,78421,17746615,0.5
185.000,52,0.000,,false,0.8509740379534156,0.01593319053045027,0.44336428731283206,0.5131153862277995,database,shuffled-dipeptide,2,8,200,78421,17746615,0.5
185.500,51,0.000,,false,0.8509740379534156,0.01593319053045027,0.44336428731283206,0.5131153862277995,database,shuffled-dipeptide,2,8,200,78421,17746615,0.5
186.000,48,0.000,,false,0.8509740379534156,0.01593319053045027,0.44336428731283206,0.5131153862277995,database,shuffled-dipeptide,2,8,200,78421,17746615,0.5
186.500,48,0.000,,false,0.8509740379534156,0.01593319053045027,0.44336428731283206,0.5131153862277995,database,shuffled-dipeptide,2,8,200,78421,17746615,0.5
187.000,48,0.000,,false,0.8509740379534156,0.01593319053045027,0.44336428731283206,0.5131153862277995,database,shuffled-dipeptide,2,8,200,78421,17746615,0.5
187.500,48,0.000,,false,0.8509740379534156,0.01593319053045027,0.44336428731283206,0.5131153862277995,database,shuffled-dipeptide,2,8,200,78421,17746615,0.5
188.000,47,0.000,,false,0.8509740379534156,0.01593319053045027,0.44336428731283206,0.5131153862277995,database,shuffled-dipeptide,2,8,200,78421,17746615,0.5
188.500,46,0.000,,false,0.8509740379534156,0.01593319053045027,0.44336428731283206,0.5131153862277995,database,shuffled-dipeptide,2,8,200,78421,17746615,0.5
189.000,44,0.000,,false,0.8509740379534156,0.01593319053045027,0.44336428731283206,0.5131153862277995,database,shuffled-dipeptide,2,8,200,78421,17746615,0.5
189.500,44,0.000,,false,0.8509740379534156,0.01593319053045027,0.44336428731283206,0.5131153862277995,database,shuffled-dipeptide,2,8,200,78421,17746615,0.5
190.000,44,0.000,,false,0.8509740379534156,0.01593319053045027,0.44336428731283206,0.5131153862277995,database,shuffled-dipeptide,2,8,200,78421,17746615,0.5
190.500,44,0.000,,false,0.8509740379534156,0.01593319053045027,0.44336428731283206,0.5131153862277995,database,shuffled-dipeptide,2,8,200,78421,17746615,0.5
191.000,44,0.000,,false,0.8509740379534156,0.01593319053045027,0.44336428731283206,0.5131153862277995,database,shuffled-dipeptide,2,8,200,78421,17746615,0.5
191.500,44,0.000,,false,0.8509740379534156,0.01593319053045027,0.44336428731283206,0.5131153862277995,database,shuffled-dipeptide,2,8,200,78421,17746615,0.5
192.000,44,0.000,,false,0.8509740379534156,0.01593319053045027,0.44336428731283206,0.5131153862277995,database,shuffled-dipeptide,2,8,200,78421,17746615,0.5
192.500,44,0.000,,false,0.8509740379534156,0.01593319053045027,0.44336428731283206,0.5131153862277995,database,shuffled-dipeptide,2,8,200,78421,17746615,0.5
193.000,44,0.000,,false,0.8509740379534156,0.01593319053045027,0.44336428731283206,0.5131153862277995,database,shuffled-dipeptide,2,8,200,78421,17746615,0.5
193.500,44,0.000,,false,0.8509740379534156,0.01593319053045027,0.44336428731283206,0.5131153862277995,database,shuffled-dipeptide,2,8,200,78421,17746615,0.5
194.000,44,0.000,,false,0.8509740379534156,0.01593319053045027,0.44336428731283206,0.5131153862277995,database,shuffled-dipeptide,2,8,200,78421,17746615,0.5
194.500,42,0.000,,false,0.8509740379534156,0.01593319053045027,0.44336428731283206,0.5131153862277995,database,shuffled-dipeptide,2,8,200,78421,17746615,0.5
195.000,42,0.000,,false,0.8509740379534156,0.01593319053045027,0.44336428731283206,0.5131153862277995,database,shuffled-dipeptide,2,8,200,78421,17746615,0.5
195.500,42,0.000,,false,0.8509740379534156,0.01593319053045027,0.44336428731283206,0.5131153862277995,database,shuffled-dipeptide,2,8,200,78421,17746615,0.5
196.000,40,0.000,,false,0.8509740379534156,0.01593319053045027,0.44336428731283206,0.5131153862277995,database,shuffled-dipeptide,2,8,200,78421,17746615,0.5
196.500,40,0.000,,false,0.8509740379534156,0.01593319053045027,0.44336428731283206,0.5131153862277995,database,shuffled-dipeptide,2,8,200,78421,17746615,0.5
197.000,40,0.000,,false,0.8509740379534156,0.01593319053045027,0.44336428731283206,0.5131153862277995,database,shuffled-dipeptide,2,8,200,78421,17746615,0.5
197.500,40,0.000,,false,0.8509740379534156,0.01593319053045027,0.44336428731283206,0.5131153862277995,database,shuffled-dipeptide,2,8,200,78421,17746615,0.5
198.000,40,0.000,,false,0.8509740379534156,0.01593319053045027,0.44336428731283206,0.5131153862277995,database,shuffled-dipeptide,2,8,200,78421,17746615,0.5
198.500,40,0.000,,false,0.8509740379534156,0.01593319053045027,0.44336428731283206,0.5131153862277995,database,shuffled-dipeptide,2,8,200,78421,17746615,0.5
199.000,40,0.000,,false,0.8509740379534156,0.01593319053045027,0.44336428731283206,0.5131153862277995,database,shuffled-dipeptide,2,8,200,78421,17746615,0.5
199.500,40,0.000,,false,0.8509740379534156,0.01593319053045027,0.44336428731283206,0.5131153862277995,database,shuffled-dipeptide,2,8,200,78421,17746615,0.5
200.000,40,0.000,,false,0.8509740379534156,0.01593319053045027,0.44336428731283206,0.5131153862277995,database,shuffled-dipeptide,2,8,200,78421,17746615,0.5
200.500,40,0.000,,false,0.8509740379534156,0.01593319053045027,0.44336428731283206,0.5131153862277995,database,shuffled-dipeptide,2,8,200,78421,17746615,0.5
201.000,39,0.000,,false,0.8509740379534156,0.01593319053045027,0.44336428731283206,0.5131153862277995,database,shuffled-dipeptide,2,8,200,78421,17746615,0.5
201.500,39,0.000,,false,0.8509740379534156,0.01593319053045027,0.44336428731283206,0.5131153862277995,database,shuffled-dipeptide,2,8,200,78421,17746615,0.5
202.000,38,0.000,,false,0.8509740379534156,0.01593319053045027,0.44336428731283206,0.5131153862277995,database,shuffled-dipeptide,2,8,200,78421,17746615,0.5
202.500,37,0.000,,false,0.8509740379534156,0.01593319053045027,0.44336428731283206,0.5131153862277995,database,shuffled-dipeptide,2,8,200,78421,17746615,0.5
203.000,37,0.000,,false,0.8509740379534156,0.01593319053045027,0.44336428731283206,0.5131153862277995,database,shuffled-dipeptide,2,8,200,78421,17746615,0.5
203.500,37,0.000,,false,0.8509740379534156,0.01593319053045027,0.44336428731283206,0.5131153862277995,database,shuffled-dipeptide,2,8,200,78421,17746615,0.5
204.000,36,0.000,,false,0.8509740379534156,0.01593319053045027,0.44336428731283206,0.5131153862277995,database,shuffled-dipeptide,2,8,200,78421,17746615,0.5
204.500,34,0.000,,false,0.8509740379534156,0.01593319053045027,0.44336428731283206,0.5131153862277995,database,shuffled-dipeptide,2,8,200,78421,17746615,0.5
205.000,34,0.000,,false,0.8509740379534156,0.01593319053045027,0.44336428731283206,0.5131153862277995,database,shuffled-dipeptide,2,8,200,78421,17746615,0.5
205.500,33,0.000,,false,0.8509740379534156,0.01593319053045027,0.44336428731283206,0.5131153862277995,database,shuffled-dipeptide,2,8,200,78421,17746615,0.5
206.000,33,0.000,,false,0.8509740379534156,0.01593319053045027,0.44336428731283206,0.5131153862277995,database,shuffled-dipeptide,2,8,200,78421,17746615,0.5
206.500,31,0.000,,false,0.8509740379534156,0.01593319053045027,0.44336428731283206,0.5131153862277995,database,shuffled-dipeptide,2,8,200,78421,17746615,0.5
207.000,30,0.000,,false,0.8509740379534156,0.01593319053045027,0.44336428731283206,0.5131153862277995,database,shuffled-dipeptide,2,8,200,78421,17746615,0.5
207.500,29,0.000,,false,0.8509740379534156,0.01593319053045027,0.44336428731283206,0.5131153862277995,database,shuffled-dipeptide,2,8,200,78421,17746615,0.5
208.000,29,0.000,,false,0.8509740379534156,0.01593319053045027,0.44336428731283206,0.5131153862277995,database,shuffled-dipeptide,2,8,200,78421,17746615,0.5
208.500,27,0.000,,false,0.8509740379534156,0.01593319053045027,0.44336428731283206,0.5131153862277995,database,shuffled-dipeptide,2,8,200,78421,17746615,0.5
209.000,26,0.000,,false,0.8509740379534156,0.01593319053045027,0.44336428731283206,0.5131153862277995,database,shuffled-dipeptide,2,8,200,78421,17746615,0.5
209.500,25,0.000,,false,0.8509740379534156,0.01593319053045027,0.44336428731283206,0.5131153862277995,database,shuffled-dipeptide,2,8,200,78421,17746615,0.5
210.000,25,0.000,,false,0.8509740379534156,0.01593319053045027,0.44336428731283206,0.5131153862277995,database,shuffled-dipeptide,2,8,200,78421,17746615,0.5
210.500,25,0.000,,false,0.8509740379534156,0.01593319053045027,0.44336428731283206,0.5131153862277995,database,shuffled-dipeptide,2,8,200,78421,17746615,0.5
211.000,24,0.000,,false,0.8509740379534156,0.01593319053045027,0.44336428731283206,0.5131153862277995,database,shuffled-dipeptide,2,8,200,78421,17746615,0.5
211.500,24,0.000,,false,0.8509740379534156,0.01593319053045027,0.44336428731283206,0.5131153862277995,database,shuffled-dipeptide,2,8,200,78421,17746615,0.5
212.000,23,0.000,,false,0.8509740379534156,0.01593319053045027,0.44336428731283206,0.5131153862277995,database,shuffled-dipeptide,2,8,200,78421,17746615,0.5
212.500,23,0.000,,false,0.8509740379534156,0.01593319053045027,0.44336428731283206,0.5131153862277995,database,shuffled-dipeptide,2,8,200,78421,17746615,0.5
213.000,23,0.000,,false,0.8509740379534156,0.01593319053045027,0.44336428731283206,0.5131153862277995,database,shuffled-dipeptide,2,8,200,78421,17746615,0.5
213.500,23,0.000,,false,0.8509740379534156,0.01593319053045027,0.44336428731283206,0.5131153862277995,database,shuffled-dipeptide,2,8,200,78421,17746615,0.5
214.000,22,0.000,,false,0.8509740379534156,0.01593319053045027,0.44336428731283206,0.5131153862277995,database,shuffled-dipeptide,2,8,200,78421,17746615,0.5
214.500,22,0.000,,false,0.8509740379534156,0.01593319053045027,0.44336428731283206,0.5131153862277995,database,shuffled-dipeptide,2,8,200,78421,17746615,0.5
215.000,22,0.000,,false,0.8509740379534156,0.01593319053045027,0.44336428731283206,0.5131153862277995,database,shuffled-dipeptide,2,8,200,78421,17746615,0.5
215.500,22,0.000,,false,0.8509740379534156,0.01593319053045027,0.44336428731283206,0.5131153862277995,database,shuffled-dipeptide,2,8,200,78421,17746615,0.5
216.000,22,0.000,,false,0.8509740379534156,0.01593319053045027,0.44336428731283206,0.5131153862277995,database,shuffled-dipeptide,2,8,200,78421,17746615,0.5
216.500,22,0.000,,false,0.8509740379534156,0.01593319053045027,0.44336428731283206,0.5131153862277995,database,shuffled-dipeptide,2,8,200,78421,17746615,0.5
217.000,22,0.000,,false,0.8509740379534156,0.01593319053045027,0.44336428731283206,0.5131153862277995,database,shuffled-dipeptide,2,8,200,78421,17746615,0.5
217.500,22,0.000,,false,0.8509740379534156,0.01593319053045027,0.44336428731283206,0.5131153862277995,database,shuffled-dipeptide,2,8,200,78421,17746615,0.5
218.000,22,0.000,,false,0.8509740379534156,0.01593319053045027,0.44336428731283206,0.5131153862277995,database,shuffled-dipeptide,2,8,200,78421,17746615,0.5
218.500,22,0.000,,false,0.8509740379534156,0.01593319053045027,0.44336428731283206,0.5131153862277995,database,shuffled-dipeptide,2,8,200,78421,17746615,0.5
219.000,22,0.000,,false,0.8509740379534156,0.01593319053045027,0.44336428731283206,0.5131153862277995,database,shuffled-dipeptide,2,8,200,78421,17746615,0.5
219.500,22,0.000,,false,0.8509740379534156,0.01593319053045027,0.44336428731283206,0.5131153862277995,database,shuffled-dipeptide,2,8,200,78421,17746615,0.5
220.000,22,0.000,,false,0.8509740379534156,0.01593319053045027,0.44336428731283206,0.5131153862277995,database,shuffled-dipeptide,2,8,200,78421,17746615,0.5
220.500,22,0.000,,false,0.8509740379534156,0.01593319053045027,0.44336428731283206,0.5131153862277995,database,shuffled-dipeptide,2,8,200,78421,17746615,0.5
221.000,22,0.000,,false,0.8509740379534156,0.01593319053045027,0.44336428731283206,0.5131153862277995,database,shuffled-dipeptide,2,8,200,78421,17746615,0.5
221.500,22,0.000,,false,0.8509740379534156,0.01593319053045027,0.44336428731283206,0.5131153862277995,database,shuffled-dipeptide,2,8,200,78421,17746615,0.5
222.000,22,0.000,,false,0.8509740379534156,0.01593319053045027,0.44336428731283206,0.5131153862277995,database,shuffled-dipeptide,2,8,200,78421,17746615,0.5
222.500,22,0.000,,false,0.8509740379534156,0.01593319053045027,0.44336428731283206,0.5131153862277995,database,shuffled-dipeptide,2,8,200,78421,17746615,0.5
223.000,21,0.000,,false,0.8509740379534156,0.01593319053045027,0.44336428731283206,0.5131153862277995,database,shuffled-dipeptide,2,8,200,78421,17746615,0.5
223.500,21,0.000,,false,0.8509740379534156,0.01593319053045027,0.44336428731283206,0.5131153862277995,database,shuffled-dipeptide,2,8,200,78421,17746615,0.5
224.000,20,0.000,,false,0.8509740379534156,0.01593319053045027,0.44336428731283206,0.5131153862277995,database,shuffled-dipeptide,2,8,200,78421,17746615,0.5
224.500,19,0.000,,false,0.8509740379534156,0.01593319053045027,0.44336428731283206,0.5131153862277995,database,shuffled-dipeptide,2,8,200,78421,17746615,0.5
225.000,19,0.000,,false,0.8509740379534156,0.01593319053045027,0.44336428731283206,0.5131153862277995,database,shuffled-dipeptide,2,8,200,78421,17746615,0.5
225.500,19,0.000,,false,0.8509740379534156,0.01593319053045027,0.44336428731283206,0.5131153862277995,database,shuffled-dipeptide,2,8,200,78421,17746615,0.5
226.000,19,0.000,,false,0.8509740379534156,0.01593319053045027,0.44336428731283206,0.5131153862277995,database,shuffled-dipeptide,2,8,200,78421,17746615,0.5
226.500,18,0.000,,false,0.8509740379534156,0.01593319053045027,0.44336428731283206,0.5131153862277995,database,shuffled-dipeptide,2,8,200,78421,17746615,0.5
227.000,18,0.000,,false,0.8509740379534156,0.01593319053045027,0.44336428731283206,0.5131153862277995,database,shuffled-dipeptide,2,8,200,78421,17746615,0.5
227.500,18,0.000,,false,0.8509740379534156,0.01593319053045027,0.44336428731283206,0.5131153862277995,database,shuffled-dipeptide,2,8,200,78421,17746615,0.5
228.000,18,0.000,,false,0.8509740379534156,0.01593319053045027,0.44336428731283206,0.5131153862277995,database,shuffled-dipeptide,2,8,200,78421,17746615,0.5
228.500,18,0.000,,false,0.8509740379534156,0.01593319053045027,0.44336428731283206,0.5131153862277995,database,shuffled-dipeptide,2,8,200,78421,17746615,0.5
229.000,18,0.000,,false,0.8509740379534156,0.01593319053045027,0.44336428731283206,0.5131153862277995,database,shuffled-dipeptide,2,8,200,78421,17746615,0.5
229.500,18,0.000,,false,0.8509740379534156,0.01593319053045027,0.44336428731283206,0.5131153862277995,database,shuffled-dipeptide,2,8,200,78421,17746615,0.5
230.000,18,0.000,,false,0.8509740379534156,0.01593319053045027,0.44336428731283206,0.5131153862277995,database,shuffled-dipeptide,2,8,200,78421,17746615,0.5
230.500,18,0.000,,false,0.8509740379534156,0.01593319053045027,0.44336428731283206,0.5131153862277995,database,shuffled-dipeptide,2,8,200,78421,17746615,0.5
231.000,18,0.000,,false,0.8509740379534156,0.01593319053045027,0.44336428731283206,0.5131153862277995,database,shuffled-dipeptide,2,8,200,78421,17746615,0.5
231.500,18,0.000,,false,0.8509740379534156,0.01593319053045027,0.44336428731283206,0.5131153862277995,database,shuffled-dipeptide,2,8,200,78421,17746615,0.5
232.000,17,0.000,,false,0.8509740379534156,0.01593319053045027,0.44336428731283206,0.5131153862277995,database,shuffled-dipeptide,2,8,200,78421,17746615,0.5
232.500,17,0.000,,false,0.8509740379534156,0.01593319053045027,0.44336428731283206,0.5131153862277995,database,shuffled-dipeptide,2,8,200,78421,17746615,0.5
233.000,17,0.000,,false,0.8509740379534156,0.01593319053045027,0.44336428731283206,0.5131153862277995,database,shuffled-dipeptide,2,8,200,78421,17746615,0.5
233.500,17,0.000,,false,0.8509740379534156,0.01593319053045027,0.44336428731283206,0.5131153862277995,database,shuffled-dipeptide,2,8,200,78421,17746615,0.5
234.000,17,0.000,,false,0.8509740379534156,0.01593319053045027,0.44336428731283206,0.5131153862277995,database,shuffled-dipeptide,2,8,200,78421,17746615,0.5
234.500,16,0.000,,false,0.8509740379534156,0.01593319053045027,0.44336428731283206,0.5131153862277995,database,shuffled-dipeptide,2,8,200,78421,17746615,0.5
235.000,16,0.000,,false,0.8509740379534156,0.01593319053045027,0.44336428731283206,0.5131153862277995,database,shuffled-dipeptide,2,8,200,78421,17746615,0.5
235.500,16,0.000,,false,0.8509740379534156,0.01593319053045027,0.44336428731283206,0.5131153862277995,database,shuffled-dipeptide,2,8,200,78421,17746615,0.5
236.000,16,0.000,,false,0.8509740379534156,0.01593319053045027,0.44336428731283206,0.5131153862277995,database,shuffled-dipeptide,2,8,200,78421,17746615,0.5
236.500,16,0.000,,false,0.8509740379534156,0.01593319053045027,0.44336428731283206,0.5131153862277995,database,shuffled-dipeptide,2,8,200,78421,17746615,0.5
237.000,16,0.000,,false,0.8509740379534156,0.01593319053045027,0.44336428731283206,0.5131153862277995,database,shuffled-dipeptide,2,8,200,78421,17746615,0.5
237.500,16,0.000,,false,0.8509740379534156,0.01593319053045027,0.44336428731283206,0.5131153862277995,database,shuffled-dipeptide,2,8,200,78421,17746615,0.5
238.000,16,0.000,,false,0.8509740379534156,0.01593319053045027,0.44336428731283206,0.5131153862277995,database,shuffled-dipeptide,2,8,200,78421,17746615,0.5
238.500,16,0.000,,false,0.8509740379534156,0.01593319053045027,0.44336428731283206,0.5131153862277995,database,shuffled-dipeptide,2,8,200,78421,17746615,0.5
239.000,15,0.000,,false,0.8509740379534156,0.01593319053045027,0.44336428731283206,0.5131153862277995,database,shuffled-dipeptide,2,8,200,78421,17746615,0.5
239.500,15,0.000,,false,0.8509740379534156,0.01593319053045027,0.44336428731283206,0.5131153862277995,database,shuffled-dipeptide,2,8,200,78421,17746615,0.5
240.000,15,0.000,,false,0.8509740379534156,0.01593319053045027,0.44336428731283206,0.5131153862277995,database,shuffled-dipeptide,2,8,200,78421,17746615,0.5
240.500,15,0.000,,false,0.8509740379534156,0.01593319053045027,0.44336428731283206,0.5131153862277995,database,shuffled-dipeptide,2,8,200,78421,17746615,0.5
241.000,15,0.000,,false,0.8509740379534156,0.01593319053045027,0.44336428731283206,0.5131153862277995,database,shuffled-dipeptide,2,8,200,78421,17746615,0.5
241.500,15,0.000,,false,0.8509740379534156,0.01593319053045027,0.44336428731283206,0.5131153862277995,database,shuffled-dipeptide,2,8,200,78421,17746615,0.5
242.000,15,0.000,,false,0.8509740379534156,0.01593319053045027,0.44336428731283206,0.5131153862277995,database,shuffled-dipeptide,2,8,200,78421,17746615,0.5
242.500,15,0.000,,false,0.8509740379534156,0.01593319053045027,0.44336428731283206,0.5131153862277995,database,shuffled-dipeptide,2,8,200,78421,17746615,0.5
243.000,15,0.000,,false,0.8509740379534156,0.01593319053045027,0.44336428731283206,0.5131153862277995,database,shuffled-dipeptide,2,8,200,78421,17746615,0.5
243.500,15,0.000,,false,0.8509740379534156,0.01593319053045027,0.44336428731283206,0.5131153862277995,database,shuffled-dipeptide,2,8,200,78421,17746615,0.5
244.000,15,0.000,,false,0.8509740379534156,0.01593319053045027,0.44336428731283206,0.5131153862277995,database,shuffled-dipeptide,2,8,200,78421,17746615,0.5
244.500,14,0.000,,false,0.8509740379534156,0.01593319053045027,0.44336428731283206,0.5131153862277995,database,shuffled-dipeptide,2,8,200,78421,17746615,0.5
245.000,14,0.000,,false,0.8509740379534156,0.01593319053045027,0.44336428731283206,0.5131153862277995,database,shuffled-dipeptide,2,8,200,78421,17746615,0.5
245.500,14,0.000,,false,0.8509740379534156,0.01593319053045027,0.44336428731283206,0.5131153862277995,database,shuffled-dipeptide,2,8,200,78421,17746615,0.5
246.000,13,0.000,,false,0.8509740379534156,0.01593319053045027,0.44336428731283206,0.5131153862277995,database,shuffled-dipeptide,2,8,200,78421,17746615,0.5
246.500,13,0.000,,false,0.8509740379534156,0.01593319053045027,0.44336428731283206,0.5131153862277995,database,shuffled-dipeptide,2,8,200,78421,17746615,0.5
247.000,13,0.000,,false,0.8509740379534156,0.01593319053045027,0.44336428731283206,0.5131153862277995,database,shuffled-dipeptide,2,8,200,78421,17746615,0.5
247.500,12,0.000,,false,0.8509740379534156,0.01593319053045027,0.44336428731283206,0.5131153862277995,database,shuffled-dipeptide,2,8,200,78421,17746615,0.5
248.000,12,0.000,,false,0.8509740379534156,0.01593319053045027,0.44336428731283206,0.5131153862277995,database,shuffled-dipeptide,2,8,200,78421,17746615,0.5
248.500,12,0.000,,false,0.8509740379534156,0.01593319053045027,0.44336428731283206,0.5131153862277995,database,shuffled-dipeptide,2,8,200,78421,17746615,0.5
249.000,12,0.000,,false,0.8509740379534156,0.01593319053045027,0.44336428731283206,0.5131153862277995,database,shuffled-dipeptide,2,8,200,78421,17746615,0.5
249.500,12,0.000,,false,0.8509740379534156,0.01593319053045027,0.44336428731283206,0.5131153862277995,database,shuffled-dipeptide,2,8,200,78421,17746615,0.5
250.000,12,0.000,,false,0.8509740379534156,0.01593319053045027,0.44336428731283206,0.5131153862277995,database,shuffled-dipeptide,2,8,200,78421,17746615,0.5
250.500,12,0.000,,false,0.8509740379534156,0.01593319053045027,0.44336428731283206,0.5131153862277995,database,shuffled-dipeptide,2,8,200,78421,17746615,0.5
251.000,12,0.000,,false,0.8509740379534156,0.01593319053045027,0.44336428731283206,0.5131153862277995,database,shuffled-dipeptide,2,8,200,78421,17746615,0.5
251.500,12,0.000,,false,0.8509740379534156,0.01593319053045027,0.44336428731283206,0.5131153862277995,database,shuffled-dipeptide,2,8,200,78421,17746615,0.5
252.000,12,0.000,,false,0.8509740379534156,0.01593319053045027,0.44336428731283206,0.5131153862277995,database,shuffled-dipeptide,2,8,200,78421,17746615,0.5
252.500,12,0.000,,false,0.8509740379534156,0.01593319053045027,0.44336428731283206,0.5131153862277995,database,shuffled-dipeptide,2,8,200,78421,17746615,0.5
253.000,12,0.000,,false,0.8509740379534156,0.01593319053045027,0.44336428731283206,0.5131153862277995,database,shuffled-dipeptide,2,8,200,78421,17746615,0.5
253.500,12,0.000,,false,0.8509740379534156,0.01593319053045027,0.44336428731283206,0.5131153862277995,database,shuffled-dipeptide,2,8,200,78421,17746615,0.5
254.000,12,0.000,,false,0.8509740379534156,0.01593319053045027,0.44336428731283206,0.5131153862277995,database,shuffled-dipeptide,2,8,200,78421,17746615,0.5
254.500,12,0.000,,false,0.8509740379534156,0.01593319053045027,0.44336428731283206,0.5131153862277995,database,shuffled-dipeptide,2,8,200,78421,17746615,0.5
255.000,12,0.000,,false,0.8509740379534156,0.01593319053045027,0.44336428731283206,0.5131153862277995,database,shuffled-dipeptide,2,8,200,78421,17746615,0.5
255.500,12,0.000,,false,0.8509740379534156,0.01593319053045027,0.44336428731283206,0.5131153862277995,database,shuffled-dipeptide,2,8,200,78421,17746615,0.5
256.000,12,0.000,,false,0.8509740379534156,0.01593319053045027,0.44336428731283206,0.5131153862277995,database,shuffled-dipeptide,2,8,200,78421,17746615,0.5
256.500,12,0.000,,false,0.8509740379534156,0.01593319053045027,0.44336428731283206,0.5131153862277995,database,shuffled-dipeptide,2,8,200,78421,17746615,0.5
257.000,12,0.000,,false,0.8509740379534156,0.01593319053045027,0.44336428731283206,0.5131153862277995,database,shuffled-dipeptide,2,8,200,78421,17746615,0.5
257.500,12,0.000,,false,0.8509740379534156,0.01593319053045027,0.44336428731283206,0.5131153862277995,database,shuffled-dipeptide,2,8,200,78421,17746615,0.5
258.000,12,0.000,,false,0.8509740379534156,0.01593319053045027,0.44336428731283206,0.5131153862277995,database,shuffled-dipeptide,2,8,200,78421,17746615,0.5
258.500,12,0.000,,false,0.8509740379534156,0.01593319053045027,0.44336428731283206,0.5131153862277995,database,shuffled-dipeptide,2,8,200,78421,17746615,0.5
259.000,12,0.000,,false,0.8509740379534156,0.01593319053045027,0.44336428731283206,0.5131153862277995,database,shuffled-dipeptide,2,8,200,78421,17746615,0.5
259.500,12,0.000,,false,0.8509740379534156,0.01593319053045027,0.44336428731283206,0.5131153862277995,database,shuffled-dipeptide,2,8,200,78421,17746615,0.5
260.000,12,0.000,,false,0.8509740379534156,0.01593319053045027,0.44336428731283206,0.5131153862277995,database,shuffled-dipeptide,2,8,200,78421,17746615,0.5
260.500,12,0.000,,false,0.8509740379534156,0.01593319053045027,0.44336428731283206,0.5131153862277995,database,shuffled-dipeptide,2,8,200,78421,17746615,0.5
261.000,12,0.000,,false,0.8509740379534156,0.01593319053045027,0.44336428731283206,0.5131153862277995,database,shuffled-dipeptide,2,8,200,78421,17746615,0.5
261.500,12,0.000,,false,0.8509740379534156,0.01593319053045027,0.44336428731283206,0.5131153862277995,database,shuffled-dipeptide,2,8,200,78421,17746615,0.5
262.000,12,0.000,,false,0.8509740379534156,0.01593319053045027,0.44336428731283206,0.5131153862277995,database,shuffled-dipeptide,2,8,200,78421,17746615,0.5
262.500,12,0.000,,false,0.8509740379534156,0.01593319053045027,0.44336428731283206,0.5131153862277995,database,shuffled-dipeptide,2,8,200,78421,17746615,0.5
263.000,12,0.000,,false,0.8509740379534156,0.01593319053045027,0.44336428731283206,0.5131153862277995,database,shuffled-dipeptide,2,8,200,78421,17746615,0.5
263.500,12,0.000,,false,0.8509740379534156,0.01593319053045027,0.44336428731283206,0.5131153862277995,database,shuffled-dipeptide,2,8,200,78421,17746615,0.5
264.000,12,0.000,,false,0.8509740379534156,0.01593319053045027,0.44336428731283206,0.5131153862277995,database,shuffled-dipeptide,2,8,200,78421,17746615,0.5
264.500,12,0.000,,false,0.8509740379534156,0.01593319053045027,0.44336428731283206,0.5131153862277995,database,shuffled-dipeptide,2,8,200,78421,17746615,0.5
265.000,12,0.000,,false,0.8509740379534156,0.01593319053045027,0.44336428731283206,0.5131153862277995,database,shuffled-dipeptide,2,8,200,78421,17746615,0.5
265.500,12,0.000,,false,0.8509740379534156,0.01593319053045027,0.44336428731283206,0.5131153862277995,database,shuffled-dipeptide,2,8,200,78421,17746615,0.5
266.000,12,0.000,,false,0.8509740379534156,0.01593319053045027,0.44336428731283206,0.5131153862277995,database,shuffled-dipeptide,2,8,200,78421,17746615,0.5
266.500,12,0.000,,false,0.8509740379534156,0.01593319053045027,0.44336428731283206,0.5131153862277995,database,shuffled-dipeptide,2,8,200,78421,17746615,0.5
267.000,12,0.000,,false,0.8509740379534156,0.01593319053045027,0.44336428731283206,0.5131153862277995,database,shuffled-dipeptide,2,8,200,78421,17746615,0.5
267.500,12,0.000,,false,0.8509740379534156,0.01593319053045027,0.44336428731283206,0.5131153862277995,database,shuffled-dipeptide,2,8,200,78421,17746615,0.5
268.000,12,0.000,,false,0.8509740379534156,0.01593319053045027,0.44336428731283206,0.5131153862277995,database,shuffled-dipeptide,2,8,200,78421,17746615,0.5
268.500,12,0.000,,false,0.8509740379534156,0.01593319053045027,0.44336428731283206,0.5131153862277995,database,shuffled-dipeptide,2,8,200,78421,17746615,0.5
269.000,12,0.000,,false,0.8509740379534156,0.01593319053045027,0.44336428731283206,0.5131153862277995,database,shuffled-dipeptide,2,8,200,78421,17746615,0.5
269.500,12,0.000,,false,0.8509740379534156,0.01593319053045027,0.44336428731283206,0.5131153862277995,database,shuffled-dipeptide,2,8,200,78421,17746615,0.5
270.000,12,0.000,,false,0.8509740379534156,0.01593319053045027,0.44336428731283206,0.5131153862277995,database,shuffled-dipeptide,2,8,200,78421,17746615,0.5
270.500,12,0.000,,false,0.8509740379534156,0.01593319053045027,0.44336428731283206,0.5131153862277995,database,shuffled-dipeptide,2,8,200,78421,17746615,0.5
271.000,12,0.000,,false,0.8509740379534156,0.01593319053045027,0.44336428731283206,0.5131153862277995,database,shuffled-dipeptide,2,8,200,78421,17746615,0.5
271.500,12,0.000,,false,0.8509740379534156,0.01593319053045027,0.44336428731283206,0.5131153862277995,database,shuffled-dipeptide,2,8,200,78421,17746615,0.5
272.000,12,0.000,,false,0.8509740379534156,0.01593319053045027,0.44336428731283206,0.5131153862277995,database,shuffled-dipeptide,2,8,200,78421,17746615,0.5
272.500,12,0.000,,false,0.8509740379534156,0.01593319053045027,0.44336428731283206,0.5131153862277995,database,shuffled-dipeptide,2,8,200,78421,17746615,0.5
273.000,12,0.000,,false,0.8509740379534156,0.01593319053045027,0.44336428731283206,0.5131153862277995,database,shuffled-dipeptide,2,8,200,78421,17746615,0.5
273.500,12,0.000,,false,0.8509740379534156,0.01593319053045027,0.44336428731283206,0.5131153862277995,database,shuffled-dipeptide,2,8,200,78421,17746615,0.5
274.000,12,0.000,,false,0.8509740379534156,0.01593319053045027,0.44336428731283206,0.5131153862277995,database,shuffled-dipeptide,2,8,200,78421,17746615,0.5
274.500,12,0.000,,false,0.8509740379534156,0.01593319053045027,0.44336428731283206,0.5131153862277995,database,shuffled-dipeptide,2,8,200,78421,17746615,0.5
275.000,12,0.000,,false,0.8509740379534156,0.01593319053045027,0.44336428731283206,0.5131153862277995,database,shuffled-dipeptide,2,8,200,78421,17746615,0.5
275.500,12,0.000,,false,0.8509740379534156,0.01593319053045027,0.44336428731283206,0.5131153862277995,database,shuffled-dipeptide,2,8,200,78421,17746615,0.5
276.000,12,0.000,,false,0.8509740379534156,0.01593319053045027,0.44336428731283206,0.5131153862277995,database,shuffled-dipeptide,2,8,200,78421,17746615,0.5
276.500,11,0.000,,false,0.8509740379534156,0.01593319053045027,0.44336428731283206,0.5131153862277995,database,shuffled-dipeptide,2,8,200,78421,17746615,0.5
277.000,11,0.000,,false,0.8509740379534156,0.01593319053045027,0.44336428731283206,0.5131153862277995,database,shuffled-dipeptide,2,8,200,78421,17746615,0.5
277.500,11,0.000,,false,0.8509740379534156,0.01593319053045027,0.44336428731283206,0.5131153862277995,database,shuffled-dipeptide,2,8,200,78421,17746615,0.5
278.000,11,0.000,,false,0.8509740379534156,0.01593319053045027,0.44336428731283206,0.5131153862277995,database,shuffled-dipeptide,2,8,200,78421,17746615,0.5
278.500,11,0.000,,false,0.8509740379534156,0.01593319053045027,0.44336428731283206,0.5131153862277995,database,shuffled-dipeptide,2,8,200,78421,17746615,0.5
279.000,11,0.000,,false,0.8509740379534156,0.01593319053045027,0.44336428731283206,0.5131153862277995,database,shuffled-dipeptide,2,8,200,78421,17746615,0.5
279.500,11,0.000,,false,0.8509740379534156,0.01593319053045027,0.44336428731283206,0.5131153862277995,database,shuffled-dipeptide,2,8,200,78421,17746615,0.5
280.000,11,0.000,,false,0.8509740379534156,0.01593319053045027,0.44336428731283206,0.5131153862277995,database,shuffled-dipeptide,2,8,200,78421,17746615,0.5
280.500,11,0.000,,false,0.8509740379534156,0.01593319053045027,0.44336428731283206,0.5131153862277995,database,shuffled-dipeptide,2,8,200,78421,17746615,0.5
281.000,11,0.000,,false,0.8509740379534156,0.01593319053045027,0.44336428731283206,0.5131153862277995,database,shuffled-dipeptide,2,8,200,78421,17746615,0.5
281.500,11,0.000,,false,0.8509740379534156,0.01593319053045027,0.44336428731283206,0.5131153862277995,database,shuffled-dipeptide,2,8,200,78421,17746615,0.5
282.000,11,0.000,,false,0.8509740379534156,0.01593319053045027,0.44336428731283206,0.5131153862277995,database,shuffled-dipeptide,2,8,200,78421,17746615,0.5
282.500,11,0.000,,false,0.8509740379534156,0.01593319053045027,0.44336428731283206,0.5131153862277995,database,shuffled-dipeptide,2,8,200,78421,17746615,0.5
283.000,11,0.000,,false,0.8509740379534156,0.01593319053045027,0.44336428731283206,0.5131153862277995,database,shuffled-dipeptide,2,8,200,78421,17746615,0.5
283.500,11,0.000,,false,0.8509740379534156,0.01593319053045027,0.44336428731283206,0.5131153862277995,database,shuffled-dipeptide,2,8,200,78421,17746615,0.5
284.000,11,0.000,,false,0.8509740379534156,0.01593319053045027,0.44336428731283206,0.5131153862277995,database,shuffled-dipeptide,2,8,200,78421,17746615,0.5
284.500,11,0.000,,false,0.8509740379534156,0.01593319053045027,0.44336428731283206,0.5131153862277995,database,shuffled-dipeptide,2,8,200,78421,17746615,0.5
285.000,11,0.000,,false,0.8509740379534156,0.01593319053045027,0.44336428731283206,0.5131153862277995,database,shuffled-dipeptide,2,8,200,78421,17746615,0.5
285.500,11,0.000,,false,0.8509740379534156,0.01593319053045027,0.44336428731283206,0.5131153862277995,database,shuffled-dipeptide,2,8,200,78421,17746615,0.5
286.000,11,0.000,,false,0.8509740379534156,0.01593319053045027,0.44336428731283206,0.5131153862277995,database,shuffled-dipeptide,2,8,200,78421,17746615,0.5
286.500,11,0.000,,false,0.8509740379534156,0.01593319053045027,0.44336428731283206,0.5131153862277995,database,shuffled-dipeptide,2,8,200,78421,17746615,0.5
287.000,11,0.000,,false,0.8509740379534156,0.01593319053045027,0.44336428731283206,0.5131153862277995,database,shuffled-dipeptide,2,8,200,78421,17746615,0.5
287.500,11,0.000,,false,0.8509740379534156,0.01593319053045027,0.44336428731283206,0.5131153862277995,database,shuffled-dipeptide,2,8,200,78421,17746615,0.5
288.000,11,0.000,,false,0.8509740379534156,0.01593319053045027,0.44336428731283206,0.5131153862277995,database,shuffled-dipeptide,2,8,200,78421,17746615,0.5
288.500,11,0.000,,false,0.8509740379534156,0.01593319053045027,0.44336428731283206,0.5131153862277995,database,shuffled-dipeptide,2,8,200,78421,17746615,0.5
289.000,11,0.000,,false,0.8509740379534156,0.01593319053045027,0.44336428731283206,0.5131153862277995,database,shuffled-dipeptide,2,8,200,78421,17746615,0.5
289.500,11,0.000,,false,0.8509740379534156,0.01593319053045027,0.44336428731283206,0.5131153862277995,database,shuffled-dipeptide,2,8,200,78421,17746615,0.5
290.000,11,0.000,,false,0.8509740379534156,0.01593319053045027,0.44336428731283206,0.5131153862277995,database,shuffled-dipeptide,2,8,200,78421,17746615,0.5
290.500,11,0.000,,false,0.8509740379534156,0.01593319053045027,0.44336428731283206,0.5131153862277995,database,shuffled-dipeptide,2,8,200,78421,17746615,0.5
291.000,11,0.000,,false,0.8509740379534156,0.01593319053045027,0.44336428731283206,0.5131153862277995,database,shuffled-dipeptide,2,8,200,78421,17746615,0.5
291.500,11,0.000,,false,0.8509740379534156,0.01593319053045027,0.44336428731283206,0.5131153862277995,database,shuffled-dipeptide,2,8,200,78421,17746615,0.5
292.000,11,0.000,,false,0.8509740379534156,0.01593319053045027,0.44336428731283206,0.5131153862277995,database,shuffled-dipeptide,2,8,200,78421,17746615,0.5
292.500,11,0.000,,false,0.8509740379534156,0.01593319053045027,0.44336428731283206,0.5131153862277995,database,shuffled-dipeptide,2,8,200,78421,17746615,0.5
293.000,11,0.000,,false,0.8509740379534156,0.01593319053045027,0.44336428731283206,0.5131153862277995,database,shuffled-dipeptide,2,8,200,78421,17746615,0.5
293.500,11,0.000,,false,0.8509740379534156,0.01593319053045027,0.44336428731283206,0.5131153862277995,database,shuffled-dipeptide,2,8,200,78421,17746615,0.5
294.000,11,0.000,,false,0.8509740379534156,0.01593319053045027,0.44336428731283206,0.5131153862277995,database,shuffled-dipeptide,2,8,200,78421,17746615,0.5
294.500,11,0.000,,false,0.8509740379534156,0.01593319053045027,0.44336428731283206,0.5131153862277995,database,shuffled-dipeptide,2,8,200,78421,17746615,0.5
295.000,11,0.000,,false,0.8509740379534156,0.01593319053045027,0.44336428731283206,0.5131153862277995,database,shuffled-dipeptide,2,8,200,78421,17746615,0.5
295.500,11,0.000,,false,0.8509740379534156,0.01593319053045027,0.44336428731283206,0.5131153862277995,database,shuffled-dipeptide,2,8,200,78421,17746615,0.5
296.000,11,0.000,,false,0.8509740379534156,0.01593319053045027,0.44336428731283206,0.5131153862277995,database,shuffled-dipeptide,2,8,200,78421,17746615,0.5
296.500,11,0.000,,false,0.8509740379534156,0.01593319053045027,0.44336428731283206,0.5131153862277995,database,shuffled-dipeptide,2,8,200,78421,17746615,0.5
297.000,11,0.000,,false,0.8509740379534156,0.01593319053045027,0.44336428731283206,0.5131153862277995,database,shuffled-dipeptide,2,8,200,78421,17746615,0.5
297.500,11,0.000,,false,0.8509740379534156,0.01593319053045027,0.44336428731283206,0.5131153862277995,database,shuffled-dipeptide,2,8,200,78421,17746615,0.5
298.000,11,0.000,,false,0.8509740379534156,0.01593319053045027,0.44336428731283206,0.5131153862277995,database,shuffled-dipeptide,2,8,200,78421,17746615,0.5
298.500,11,0.000,,false,0.8509740379534156,0.01593319053045027,0.44336428731283206,0.5131153862277995,database,shuffled-dipeptide,2,8,200,78421,17746615,0.5
299.000,11,0.000,,false,0.8509740379534156,0.01593319053045027,0.44336428731283206,0.5131153862277995,database,shuffled-dipeptide,2,8,200,78421,17746615,0.5
299.500,11,0.000,,false,0.8509740379534156,0.01593319053045027,0.44336428731283206,0.5131153862277995,database,shuffled-dipeptide,2,8,200,78421,17746615,0.5
300.000,11,0.000,,false,0.8509740379534156,0.01593319053045027,0.44336428731283206,0.5131153862277995,database,shuffled-dipeptide,2,8,200,78421,17746615,0.5
300.500,11,0.000,,false,0.8509740379534156,0.01593319053045027,0.44336428731283206,0.5131153862277995,database,shuffled-dipeptide,2,8,200,78421,17746615,0.5
301.000,10,0.000,,false,0.8509740379534156,0.01593319053045027,0.44336428731283206,0.5131153862277995,database,shuffled-dipeptide,2,8,200,78421,17746615,0.5
301.500,10,0.000,,false,0.8509740379534156,0.01593319053045027,0.44336428731283206,0.5131153862277995,database,shuffled-dipeptide,2,8,200,78421,17746615,0.5
302.000,10,0.000,,false,0.8509740379534156,0.01593319053045027,0.44336428731283206,0.5131153862277995,database,shuffled-dipeptide,2,8,200,78421,17746615,0.5
302.500,10,0.000,,false,0.8509740379534156,0.01593319053045027,0.44336428731283206,0.5131153862277995,database,shuffled-dipeptide,2,8,200,78421,17746615,0.5
303.000,10,0.000,,false,0.8509740379534156,0.01593319053045027,0.44336428731283206,0.5131153862277995,database,shuffled-dipeptide,2,8,200,78421,17746615,0.5
303.500,10,0.000,,false,0.8509740379534156,0.01593319053045027,0.44336428731283206,0.5131153862277995,database,shuffled-dipeptide,2,8,200,78421,17746615,0.5
304.000,10,0.000,,false,0.8509740379534156,0.01593319053045027,0.44336428731283206,0.5131153862277995,database,shuffled-dipeptide,2,8,200,78421,17746615,0.5
304.500,10,0.000,,false,0.8509740379534156,0.01593319053045027,0.44336428731283206,0.5131153862277995,database,shuffled-dipeptide,2,8,200,78421,17746615,0.5
305.000,10,0.000,,false,0.8509740379534156,0.01593319053045027,0.44336428731283206,0.5131153862277995,database,shuffled-dipeptide,2,8,200,78421,17746615,0.5
305.500,10,0.000,,false,0.8509740379534156,0.01593319053045027,0.44336428731283206,0.5131153862277995,database,shuffled-dipeptide,2,8,200,78421,17746615,0.5
306.000,10,0.000,,false,0.8509740379534156,0.01593319053045027,0.44336428731283206,0.5131153862277995,database,shuffled-dipeptide,2,8,200,78421,17746615,0.5
306.500,10,0.000,,false,0.8509740379534156,0.01593319053045027,0.44336428731283206,0.5131153862277995,database,shuffled-dipeptide,2,8,200,78421,17746615,0.5
307.000,10,0.000,,false,0.8509740379534156,0.01593319053045027,0.44336428731283206,0.5131153862277995,database,shuffled-dipeptide,2,8,200,78421,17746615,0.5
307.500,10,0.000,,false,0.8509740379534156,0.01593319053045027,0.44336428731283206,0.5131153862277995,database,shuffled-dipeptide,2,8,200,78421,17746615,0.5
308.000,10,0.000,,false,0.8509740379534156,0.01593319053045027,0.44336428731283206,0.5131153862277995,database,shuffled-dipeptide,2,8,200,78421,17746615,0.5
308.500,10,0.000,,false,0.8509740379534156,0.01593319053045027,0.44336428731283206,0.5131153862277995,database,shuffled-dipeptide,2,8,200,78421,17746615,0.5
309.000,10,0.000,,false,0.8509740379534156,0.01593319053045027,0.44336428731283206,0.5131153862277995,database,shuffled-dipeptide,2,8,200,78421,17746615,0.5
309.500,10,0.000,,false,0.8509740379534156,0.01593319053045027,0.44336428731283206,0.5131153862277995,database,shuffled-dipeptide,2,8,200,78421,17746615,0.5
310.000,10,0.000,,false,0.8509740379534156,0.01593319053045027,0.44336428731283206,0.5131153862277995,database,shuffled-dipeptide,2,8,200,78421,17746615,0.5
310.500,10,0.000,,false,0.8509740379534156,0.01593319053045027,0.44336428731283206,0.5131153862277995,database,shuffled-dipeptide,2,8,200,78421,17746615,0.5
311.000,10,0.000,,false,0.8509740379534156,0.01593319053045027,0.44336428731283206,0.5131153862277995,database,shuffled-dipeptide,2,8,200,78421,17746615,0.5
311.500,10,0.000,,false,0.8509740379534156,0.01593319053045027,0.44336428731283206,0.5131153862277995,database,shuffled-dipeptide,2,8,200,78421,17746615,0.5
312.000,10,0.000,,false,0.8509740379534156,0.01593319053045027,0.44336428731283206,0.5131153862277995,database,shuffled-dipeptide,2,8,200,78421,17746615,0.5
312.500,10,0.000,,false,0.8509740379534156,0.01593319053045027,0.44336428731283206,0.5131153862277995,database,shuffled-dipeptide,2,8,200,78421,17746615,0.5
313.000,10,0.000,,false,0.8509740379534156,0.01593319053045027,0.44336428731283206,0.5131153862277995,database,shuffled-dipeptide,2,8,200,78421,17746615,0.5
313.500,10,0.000,,false,0.8509740379534156,0.01593319053045027,0.44336428731283206,0.5131153862277995,database,shuffled-dipeptide,2,8,200,78421,17746615,0.5
314.000,10,0.000,,false,0.8509740379534156,0.01593319053045027,0.44336428731283206,0.5131153862277995,database,shuffled-dipeptide,2,8,200,78421,17746615,0.5
314.500,10,0.000,,false,0.8509740379534156,0.01593319053045027,0.44336428731283206,0.5131153862277995,database,shuffled-dipeptide,2,8,200,78421,17746615,0.5
315.000,10,0.000,,false,0.8509740379534156,0.01593319053045027,0.44336428731283206,0.5131153862277995,database,shuffled-dipeptide,2,8,200,78421,17746615,0.5
315.500,10,0.000,,false,0.8509740379534156,0.01593319053045027,0.44336428731283206,0.5131153862277995,database,shuffled-dipeptide,2,8,200,78421,17746615,0.5
316.000,10,0.000,,false,0.8509740379534156,0.01593319053045027,0.44336428731283206,0.5131153862277995,database,shuffled-dipeptide,2,8,200,78421,17746615,0.5
316.500,10,0.000,,false,0.8509740379534156,0.01593319053045027,0.44336428731283206,0.5131153862277995,database,shuffled-dipeptide,2,8,200,78421,17746615,0.5
317.000,10,0.000,,false,0.8509740379534156,0.01593319053045027,0.44336428731283206,0.5131153862277995,database,shuffled-dipeptide,2,8,200,78421,17746615,0.5
317.500,10,0.000,,false,0.8509740379534156,0.01593319053045027,0.44336428731283206,0.5131153862277995,database,shuffled-dipeptide,2,8,200,78421,17746615,0.5
318.000,10,0.000,,false,0.8509740379534156,0.01593319053045027,0.44336428731283206,0.5131153862277995,database,shuffled-dipeptide,2,8,200,78421,17746615,0.5
318.500,10,0.000,,false,0.8509740379534156,0.01593319053045027,0.44336428731283206,0.5131153862277995,database,shuffled-dipeptide,2,8,200,78421,17746615,0.5
319.000,10,0.000,,false,0.8509740379534156,0.01593319053045027,0.44336428731283206,0.5131153862277995,database,shuffled-dipeptide,2,8,200,78421,17746615,0.5
319.500,10,0.000,,false,0.8509740379534156,0.01593319053045027,0.44336428731283206,0.5131153862277995,database,shuffled-dipeptide,2,8,200,78421,17746615,0.5
320.000,10,0.000,,false,0.8509740379534156,0.01593319053045027,0.44336428731283206,0.5131153862277995,database,shuffled-dipeptide,2,8,200,78421,17746615,0.5
320.500,10,0.000,,false,0.8509740379534156,0.01593319053045027,0.44336428731283206,0.5131153862277995,database,shuffled-dipeptide,2,8,200,78421,17746615,0.5
321.000,9,0.000,,false,0.8509740379534156,0.01593319053045027,0.44336428731283206,0.5131153862277995,database,shuffled-dipeptide,2,8,200,78421,17746615,0.5
321.500,9,0.000,,false,0.8509740379534156,0.01593319053045027,0.44336428731283206,0.5131153862277995,database,shuffled-dipeptide,2,8,200,78421,17746615,0.5
322.000,9,0.000,,false,0.8509740379534156,0.01593319053045027,0.44336428731283206,0.5131153862277995,database,shuffled-dipeptide,2,8,200,78421,17746615,0.5
322.500,9,0.000,,false,0.8509740379534156,0.01593319053045027,0.44336428731283206,0.5131153862277995,database,shuffled-dipeptide,2,8,200,78421,17746615,0.5
323.000,9,0.000,,false,0.8509740379534156,0.01593319053045027,0.44336428731283206,0.5131153862277995,database,shuffled-dipeptide,2,8,200,78421,17746615,0.5
323.500,9,0.000,,false,0.8509740379534156,0.01593319053045027,0.44336428731283206,0.5131153862277995,database,shuffled-dipeptide,2,8,200,78421,17746615,0.5
324.000,9,0.000,,false,0.8509740379534156,0.01593319053045027,0.44336428731283206,0.5131153862277995,database,shuffled-dipeptide,2,8,200,78421,17746615,0.5
324.500,9,0.000,,false,0.8509740379534156,0.01593319053045027,0.44336428731283206,0.5131153862277995,database,shuffled-dipeptide,2,8,200,78421,17746615,0.5
325.000,9,0.000,,false,0.8509740379534156,0.01593319053045027,0.44336428731283206,0.5131153862277995,database,shuffled-dipeptide,2,8,200,78421,17746615,0.5
325.500,9,0.000,,false,0.8509740379534156,0.01593319053045027,0.44336428731283206,0.5131153862277995,database,shuffled-dipeptide,2,8,200,78421,17746615,0.5
326.000,9,0.000,,false,0.8509740379534156,0.01593319053045027,0.44336428731283206,0.5131153862277995,database,shuffled-dipeptide,2,8,200,78421,17746615,0.5
326.500,9,0.000,,false,0.8509740379534156,0.01593319053045027,0.44336428731283206,0.5131153862277995,database,shuffled-dipeptide,2,8,200,78421,17746615,0.5
327.000,9,0.000,,false,0.8509740379534156,0.01593319053045027,0.44336428731283206,0.5131153862277995,database,shuffled-dipeptide,2,8,200,78421,17746615,0.5
327.500,9,0.000,,false,0.8509740379534156,0.01593319053045027,0.44336428731283206,0.5131153862277995,database,shuffled-dipeptide,2,8,200,78421,17746615,0.5
328.000,9,0.000,,false,0.8509740379534156,0.01593319053045027,0.44336428731283206,0.5131153862277995,database,shuffled-dipeptide,2,8,200,78421,17746615,0.5
328.500,9,0.000,,false,0.8509740379534156,0.01593319053045027,0.44336428731283206,0.5131153862277995,database,shuffled-dipeptide,2,8,200,78421,17746615,0.5
329.000,9,0.000,,false,0.8509740379534156,0.01593319053045027,0.44336428731283206,0.5131153862277995,database,shuffled-dipeptide,2,8,200,78421,17746615,0.5
329.500,9,0.000,,false,0.8509740379534156,0.01593319053045027,0.44336428731283206,0.5131153862277995,database,shuffled-dipeptide,2,8,200,78421,17746615,0.5
330.000,9,0.000,,false,0.8509740379534156,0.01593319053045027,0.44336428731283206,0.5131153862277995,database,shuffled-dipeptide,2,8,200,78421,17746615,0.5
330.500,9,0.000,,false,0.8509740379534156,0.01593319053045027,0.44336428731283206,0.5131153862277995,database,shuffled-dipeptide,2,8,200,78421,17746615,0.5
331.000,9,0.000,,false,0.8509740379534156,0.01593319053045027,0.44336428731283206,0.5131153862277995,database,shuffled-dipeptide,2,8,200,78421,17746615,0.5
331.500,9,0.000,,false,0.8509740379534156,0.01593319053045027,0.44336428731283206,0.5131153862277995,database,shuffled-dipeptide,2,8,200,78421,17746615,0.5
332.000,9,0.000,,false,0.8509740379534156,0.01593319053045027,0.44336428731283206,0.5131153862277995,database,shuffled-dipeptide,2,8,200,78421,17746615,0.5
332.500,9,0.000,,false,0.8509740379534156,0.01593319053045027,0.44336428731283206,0.5131153862277995,database,shuffled-dipeptide,2,8,200,78421,17746615,0.5
333.000,9,0.000,,false,0.8509740379534156,0.01593319053045027,0.44336428731283206,0.5131153862277995,database,shuffled-dipeptide,2,8,200,78421,17746615,0.5
333.500,9,0.000,,false,0.8509740379534156,0.01593319053045027,0.44336428731283206,0.5131153862277995,database,shuffled-dipeptide,2,8,200,78421,17746615,0.5
334.000,9,0.000,,false,0.8509740379534156,0.01593319053045027,0.44336428731283206,0.5131153862277995,database,shuffled-dipeptide,2,8,200,78421,17746615,0.5
334.500,9,0.000,,false,0.8509740379534156,0.01593319053045027,0.44336428731283206,0.5131153862277995,database,shuffled-dipeptide,2,8,200,78421,17746615,0.5
335.000,9,0.000,,false,0.8509740379534156,0.01593319053045027,0.44336428731283206,0.5131153862277995,database,shuffled-dipeptide,2,8,200,78421,17746615,0.5
335.500,9,0.000,,false,0.8509740379534156,0.01593319053045027,0.44336428731283206,0.5131153862277995,database,shuffled-dipeptide,2,8,200,78421,17746615,0.5
336.000,9,0.000,,false,0.8509740379534156,0.01593319053045027,0.44336428731283206,0.5131153862277995,database,shuffled-dipeptide,2,8,200,78421,17746615,0.5
336.500,9,0.000,,false,0.8509740379534156,0.01593319053045027,0.44336428731283206,0.5131153862277995,database,shuffled-dipeptide,2,8,200,78421,17746615,0.5
337.000,9,0.000,,false,0.8509740379534156,0.01593319053045027,0.44336428731283206,0.5131153862277995,database,shuffled-dipeptide,2,8,200,78421,17746615,0.5
337.500,9,0.000,,false,0.8509740379534156,0.01593319053045027,0.44336428731283206,0.5131153862277995,database,shuffled-dipeptide,2,8,200,78421,17746615,0.5
338.000,9,0.000,,false,0.8509740379534156,0.01593319053045027,0.44336428731283206,0.5131153862277995,database,shuffled-dipeptide,2,8,200,78421,17746615,0.5
338.500,9,0.000,,false,0.8509740379534156,0.01593319053045027,0.44336428731283206,0.5131153862277995,database,shuffled-dipeptide,2,8,200,78421,17746615,0.5
339.000,9,0.000,,false,0.8509740379534156,0.01593319053045027,0.44336428731283206,0.5131153862277995,database,shuffled-dipeptide,2,8,200,78421,17746615,0.5
339.500,9,0.000,,false,0.8509740379534156,0.01593319053045027,0.44336428731283206,0.5131153862277995,database,shuffled-dipeptide,2,8,200,78421,17746615,0.5
340.000,9,0.000,,false,0.8509740379534156,0.01593319053045027,0.44336428731283206,0.5131153862277995,database,shuffled-dipeptide,2,8,200,78421,17746615,0.5
340.500,9,0.000,,false,0.8509740379534156,0.01593319053045027,0.44336428731283206,0.5131153862277995,database,shuffled-dipeptide,2,8,200,78421,17746615,0.5
341.000,9,0.000,,false,0.8509740379534156,0.01593319053045027,0.44336428731283206,0.5131153862277995,database,shuffled-dipeptide,2,8,200,78421,17746615,0.5
341.500,9,0.000,,false,0.8509740379534156,0.01593319053045027,0.44336428731283206,0.5131153862277995,database,shuffled-dipeptide,2,8,200,78421,17746615,0.5
342.000,9,0.000,,false,0.8509740379534156,0.01593319053045027,0.44336428731283206,0.5131153862277995,database,shuffled-dipeptide,2,8,200,78421,17746615,0.5
342.500,9,0.000,,false,0.8509740379534156,0.01593319053045027,0.44336428731283206,0.5131153862277995,database,shuffled-dipeptide,2,8,200,78421,17746615,0.5
343.000,9,0.000,,false,0.8509740379534156,0.01593319053045027,0.44336428731283206,0.5131153862277995,database,shuffled-dipeptide,2,8,200,78421,17746615,0.5
343.500,9,0.000,,false,0.8509740379534156,0.01593319053045027,0.44336428731283206,0.5131153862277995,database,shuffled-dipeptide,2,8,200,78421,17746615,0.5
344.000,9,0.000,,false,0.8509740379534156,0.01593319053045027,0.44336428731283206,0.5131153862277995,database,shuffled-dipeptide,2,8,200,78421,17746615,0.5
344.500,9,0.000,,false,0.8509740379534156,0.01593319053045027,0.44336428731283206,0.5131153862277995,database,shuffled-dipeptide,2,8,200,78421,17746615,0.5
345.000,9,0.000,,false,0.8509740379534156,0.01593319053045027,0.44336428731283206,0.5131153862277995,database,shuffled-dipeptide,2,8,200,78421,17746615,0.5
345.500,9,0.000,,false,0.8509740379534156,0.01593319053045027,0.44336428731283206,0.5131153862277995,database,shuffled-dipeptide,2,8,200,78421,17746615,0.5
346.000,9,0.000,,false,0.8509740379534156,0.01593319053045027,0.44336428731283206,0.5131153862277995,database,shuffled-dipeptide,2,8,200,78421,17746615,0.5
346.500,9,0.000,,false,0.8509740379534156,0.01593319053045027,0.44336428731283206,0.5131153862277995,database,shuffled-dipeptide,2,8,200,78421,17746615,0.5
347.000,9,0.000,,false,0.8509740379534156,0.01593319053045027,0.44336428731283206,0.5131153862277995,database,shuffled-dipeptide,2,8,200,78421,17746615,0.5
347.500,9,0.000,,false,0.8509740379534156,0.01593319053045027,0.44336428731283206,0.5131153862277995,database,shuffled-dipeptide,2,8,200,78421,17746615,0.5
348.000,9,0.000,,false,0.8509740379534156,0.01593319053045027,0.44336428731283206,0.5131153862277995,database,shuffled-dipeptide,2,8,200,78421,17746615,0.5
348.500,9,0.000,,false,0.8509740379534156,0.01593319053045027,0.44336428731283206,0.5131153862277995,database,shuffled-dipeptide,2,8,200,78421,17746615,0.5
349.000,9,0.000,,false,0.8509740379534156,0.01593319053045027,0.44336428731283206,0.5131153862277995,database,shuffled-dipeptide,2,8,200,78421,17746615,0.5
349.500,9,0.000,,false,0.8509740379534156,0.01593319053045027,0.44336428731283206,0.5131153862277995,database,shuffled-dipeptide,2,8,200,78421,17746615,0.5
350.000,9,0.000,,false,0.8509740379534156,0.01593319053045027,0.44336428731283206,0.5131153862277995,database,shuffled-dipeptide,2,8,200,78421,17746615,0.5
350.500,9,0.000,,false,0.8509740379534156,0.01593319053045027,0.44336428731283206,0.5131153862277995,database,shuffled-dipeptide,2,8,200,78421,17746615,0.5
351.000,9,0.000,,false,0.8509740379534156,0.01593319053045027,0.44336428731283206,0.5131153862277995,database,shuffled-dipeptide,2,8,200,78421,17746615,0.5
351.500,9,0.000,,false,0.8509740379534156,0.01593319053045027,0.44336428731283206,0.5131153862277995,database,shuffled-dipeptide,2,8,200,78421,17746615,0.5
352.000,9,0.000,,false,0.8509740379534156,0.01593319053045027,0.44336428731283206,0.5131153862277995,database,shuffled-dipeptide,2,8,200,78421,17746615,0.5
352.500,9,0.000,,false,0.8509740379534156,0.01593319053045027,0.44336428731283206,0.5131153862277995,database,shuffled-dipeptide,2,8,200,78421,17746615,0.5
353.000,9,0.000,,false,0.8509740379534156,0.01593319053045027,0.44336428731283206,0.5131153862277995,database,shuffled-dipeptide,2,8,200,78421,17746615,0.5
353.500,9,0.000,,false,0.8509740379534156,0.01593319053045027,0.44336428731283206,0.5131153862277995,database,shuffled-dipeptide,2,8,200,78421,17746615,0.5
354.000,9,0.000,,false,0.8509740379534156,0.01593319053045027,0.44336428731283206,0.5131153862277995,database,shuffled-dipeptide,2,8,200,78421,17746615,0.5
354.500,9,0.000,,false,0.8509740379534156,0.01593319053045027,0.44336428731283206,0.5131153862277995,database,shuffled-dipeptide,2,8,200,78421,17746615,0.5
355.000,9,0.000,,false,0.8509740379534156,0.01593319053045027,0.44336428731283206,0.5131153862277995,database,shuffled-dipeptide,2,8,200,78421,17746615,0.5
355.500,9,0.000,,false,0.8509740379534156,0.01593319053045027,0.44336428731283206,0.5131153862277995,database,shuffled-dipeptide,2,8,200,78421,17746615,0.5
356.000,9,0.000,,false,0.8509740379534156,0.01593319053045027,0.44336428731283206,0.5131153862277995,database,shuffled-dipeptide,2,8,200,78421,17746615,0.5
356.500,9,0.000,,false,0.8509740379534156,0.01593319053045027,0.44336428731283206,0.5131153862277995,database,shuffled-dipeptide,2,8,200,78421,17746615,0.5
357.000,9,0.000,,false,0.8509740379534156,0.01593319053045027,0.44336428731283206,0.5131153862277995,database,shuffled-dipeptide,2,8,200,78421,17746615,0.5
357.500,9,0.000,,false,0.8509740379534156,0.01593319053045027,0.44336428731283206,0.5131153862277995,database,shuffled-dipeptide,2,8,200,78421,17746615,0.5
358.000,9,0.000,,false,0.8509740379534156,0.01593319053045027,0.44336428731283206,0.5131153862277995,database,shuffled-dipeptide,2,8,200,78421,17746615,0.5
358.500,9,0.000,,false,0.8509740379534156,0.01593319053045027,0.44336428731283206,0.5131153862277995,database,shuffled-dipeptide,2,8,200,78421,17746615,0.5
359.000,9,0.000,,false,0.8509740379534156,0.01593319053045027,0.44336428731283206,0.5131153862277995,database,shuffled-dipeptide,2,8,200,78421,17746615,0.5
359.500,9,0.000,,false,0.8509740379534156,0.01593319053045027,0.44336428731283206,0.5131153862277995,database,shuffled-dipeptide,2,8,200,78421,17746615,0.5
360.000,9,0.000,,false,0.8509740379534156,0.01593319053045027,0.44336428731283206,0.5131153862277995,database,shuffled-dipeptide,2,8,200,78421,17746615,0.5
360.500,9,0.000,,false,0.8509740379534156,0.01593319053045027,0.44336428731283206,0.5131153862277995,database,shuffled-dipeptide,2,8,200,78421,17746615,0.5
361.000,9,0.000,,false,0.8509740379534156,0.01593319053045027,0.44336428731283206,0.5131153862277995,database,shuffled-dipeptide,2,8,200,78421,17746615,0.5
361.500,9,0.000,,false,0.8509740379534156,0.01593319053045027,0.44336428731283206,0.5131153862277995,database,shuffled-dipeptide,2,8,200,78421,17746615,0.5
362.000,9,0.000,,false,0.8509740379534156,0.01593319053045027,0.44336428731283206,0.5131153862277995,database,shuffled-dipeptide,2,8,200,78421,17746615,0.5
362.500,9,0.000,,false,0.8509740379534156,0.01593319053045027,0.44336428731283206,0.5131153862277995,database,shuffled-dipeptide,2,8,200,78421,17746615,0.5
363.000,9,0.000,,false,0.8509740379534156,0.01593319053045027,0.44336428731283206,0.5131153862277995,database,shuffled-dipeptide,2,8,200,78421,17746615,0.5
363.500,9,0.000,,false,0.8509740379534156,0.01593319053045027,0.44336428731283206,0.5131153862277995,database,shuffled-dipeptide,2,8,200,78421,17746615,0.5
364.000,9,0.000,,false,0.8509740379534156,0.01593319053045027,0.44336428731283206,0.5131153862277995,database,shuffled-dipeptide,2,8,200,78421,17746615,0.5
364.500,9,0.000,,false,0.8509740379534156,0.01593319053045027,0.44336428731283206,0.5131153862277995,database,shuffled-dipeptide,2,8,200,78421,17746615,0.5
365.000,9,0.000,,false,0.8509740379534156,0.01593319053045027,0.44336428731283206,0.5131153862277995,database,shuffled-dipeptide,2,8,200,78421,17746615,0.5
365.500,9,0.000,,false,0.8509740379534156,0.01593319053045027,0.44336428731283206,0.5131153862277995,database,shuffled-dipeptide,2,8,200,78421,17746615,0.5
366.000,9,0.000,,false,0.8509740379534156,0.01593319053045027,0.44336428731283206,0.5131153862277995,database,shuffled-dipeptide,2,8,200,78421,17746615,0.5
366.500,9,0.000,,false,0.8509740379534156,0.01593319053045027,0.44336428731283206,0.5131153862277995,database,shuffled-dipeptide,2,8,200,78421,17746615,0.5
367.000,9,0.000,,false,0.8509740379534156,0.01593319053045027,0.44336428731283206,0.5131153862277995,database,shuffled-dipeptide,2,8,200,78421,17746615,0.5
367.500,9,0.000,,false,0.8509740379534156,0.01593319053045027,0.44336428731283206,0.5131153862277995,database,shuffled-dipeptide,2,8,200,78421,17746615,0.5
368.000,9,0.000,,false,0.8509740379534156,0.01593319053045027,0.44336428731283206,0.5131153862277995,database,shuffled-dipeptide,2,8,200,78421,17746615,0.5
368.500,9,0.000,,false,0.8509740379534156,0.01593319053045027,0.44336428731283206,0.5131153862277995,database,shuffled-dipeptide,2,8,200,78421,17746615,0.5
369.000,9,0.000,,false,0.8509740379534156,0.01593319053045027,0.44336428731283206,0.5131153862277995,database,shuffled-dipeptide,2,8,200,78421,17746615,0.5
369.500,9,0.000,,false,0.8509740379534156,0.01593319053045027,0.44336428731283206,0.5131153862277995,database,shuffled-dipeptide,2,8,200,78421,17746615,0.5
370.000,9,0.000,,false,0.8509740379534156,0.01593319053045027,0.44336428731283206,0.5131153862277995,database,shuffled-dipeptide,2,8,200,78421,17746615,0.5
370.500,9,0.000,,false,0.8509740379534156,0.01593319053045027,0.44336428731283206,0.5131153862277995,database,shuffled-dipeptide,2,8,200,78421,17746615,0.5
371.000,9,0.000,,false,0.8509740379534156,0.01593319053045027,0.44336428731283206,0.5131153862277995,database,shuffled-dipeptide,2,8,200,78421,17746615,0.5
371.500,9,0.000,,false,0.8509740379534156,0.01593319053045027,0.44336428731283206,0.5131153862277995,database,shuffled-dipeptide,2,8,200,78421,17746615,0.5
372.000,9,0.000,,false,0.8509740379534156,0.01593319053045027,0.44336428731283206,0.5131153862277995,database,shuffled-dipeptide,2,8,200,78421,17746615,0.5
372.500,9,0.000,,false,0.8509740379534156,0.01593319053045027,0.44336428731283206,0.5131153862277995,database,shuffled-dipeptide,2,8,200,78421,17746615,0.5
373.000,9,0.000,,false,0.8509740379534156,0.01593319053045027,0.44336428731283206,0.5131153862277995,database,shuffled-dipeptide,2,8,200,78421,17746615,0.5
373.500,9,0.000,,false,0.8509740379534156,0.01593319053045027,0.44336428731283206,0.5131153862277995,database,shuffled-dipeptide,2,8,200,78421,17746615,0.5
374.000,9,0.000,,false,0.8509740379534156,0.01593319053045027,0.44336428731283206,0.5131153862277995,database,shuffled-dipeptide,2,8,200,78421,17746615,0.5
374.500,9,0.000,,false,0.8509740379534156,0.01593319053045027,0.44336428731283206,0.5131153862277995,database,shuffled-dipeptide,2,8,200,78421,17746615,0.5
375.000,9,0.000,,false,0.8509740379534156,0.01593319053045027,0.44336428731283206,0.5131153862277995,database,shuffled-dipeptide,2,8,200,78421,17746615,0.5
375.500,9,0.000,,false,0.8509740379534156,0.01593319053045027,0.44336428731283206,0.5131153862277995,database,shuffled-dipeptide,2,8,200,78421,17746615,0.5
376.000,9,0.000,,false,0.8509740379534156,0.01593319053045027,0.44336428731283206,0.5131153862277995,database,shuffled-dipeptide,2,8,200,78421,17746615,0.5
376.500,9,0.000,,false,0.8509740379534156,0.01593319053045027,0.44336428731283206,0.5131153862277995,database,shuffled-dipeptide,2,8,200,78421,17746615,0.5
377.000,9,0.000,,false,0.8509740379534156,0.01593319053045027,0.44336428731283206,0.5131153862277995,database,shuffled-dipeptide,2,8,200,78421,17746615,0.5
377.500,9,0.000,,false,0.8509740379534156,0.01593319053045027,0.44336428731283206,0.5131153862277995,database,shuffled-dipeptide,2,8,200,78421,17746615,0.5
378.000,9,0.000,,false,0.8509740379534156,0.01593319053045027,0.44336428731283206,0.5131153862277995,database,shuffled-dipeptide,2,8,200,78421,17746615,0.5
378.500,9,0.000,,false,0.8509740379534156,0.01593319053045027,0.44336428731283206,0.5131153862277995,database,shuffled-dipeptide,2,8,200,78421,17746615,0.5
379.000,9,0.000,,false,0.8509740379534156,0.01593319053045027,0.44336428731283206,0.5131153862277995,database,shuffled-dipeptide,2,8,200,78421,17746615,0.5
379.500,9,0.000,,false,0.8509740379534156,0.01593319053045027,0.44336428731283206,0.5131153862277995,database,shuffled-dipeptide,2,8,200,78421,17746615,0.5
380.000,9,0.000,,false,0.8509740379534156,0.01593319053045027,0.44336428731283206,0.5131153862277995,database,shuffled-dipeptide,2,8,200,78421,17746615,0.5
380.500,9,0.000,,false,0.8509740379534156,0.01593319053045027,0.44336428731283206,0.5131153862277995,database,shuffled-dipeptide,2,8,200,78421,17746615,0.5
381.000,9,0.000,,false,0.8509740379534156,0.01593319053045027,0.44336428731283206,0.5131153862277995,database,shuffled-dipeptide,2,8,200,78421,17746615,0.5
381.500,9,0.000,,false,0.8509740379534156,0.01593319053045027,0.44336428731283206,0.5131153862277995,database,shuffled-dipeptide,2,8,200,78421,17746615,0.5
382.000,9,0.000,,false,0.8509740379534156,0.01593319053045027,0.44336428731283206,0.5131153862277995,database,shuffled-dipeptide,2,8,200,78421,17746615,0.5
382.500,9,0.000,,false,0.8509740379534156,0.01593319053045027,0.44336428731283206,0.5131153862277995,database,shuffled-dipeptide,2,8,200,78421,17746615,0.5
383.000,9,0.000,,false,0.8509740379534156,0.01593319053045027,0.44336428731283206,0.5131153862277995,database,shuffled-dipeptide,2,8,200,78421,17746615,0.5
383.500,9,0.000,,false,0.8509740379534156,0.01593319053045027,0.44336428731283206,0.5131153862277995,database,shuffled-dipeptide,2,8,200,78421,17746615,0.5
384.000,9,0.000,,false,0.8509740379534156,0.01593319053045027,0.44336428731283206,0.5131153862277995,database,shuffled-dipeptide,2,8,200,78421,17746615,0.5
384.500,9,0.000,,false,0.8509740379534156,0.01593319053045027,0.44336428731283206,0.5131153862277995,database,shuffled-dipeptide,2,8,200,78421,17746615,0.5
385.000,9,0.000,,false,0.8509740379534156,0.01593319053045027,0.44336428731283206,0.5131153862277995,database,shuffled-dipeptide,2,8,200,78421,17746615,0.5
385.500,9,0.000,,false,0.8509740379534156,0.01593319053045027,0.44336428731283206,0.5131153862277995,database,shuffled-dipeptide,2,8,200,78421,17746615,0.5
386.000,9,0.000,,false,0.8509740379534156,0.01593319053045027,0.44336428731283206,0.5131153862277995,database,shuffled-dipeptide,2,8,200,78421,17746615,0.5
386.500,9,0.000,,false,0.8509740379534156,0.01593319053045027,0.44336428731283206,0.5131153862277995,database,shuffled-dipeptide,2,8,200,78421,17746615,0.5
387.000,9,0.000,,false,0.8509740379534156,0.01593319053045027,0.44336428731283206,0.5131153862277995,database,shuffled-dipeptide,2,8,200,78421,17746615,0.5
387.500,9,0.000,,false,0.8509740379534156,0.01593319053045027,0.44336428731283206,0.5131153862277995,database,shuffled-dipeptide,2,8,200,78421,17746615,0.5
388.000,9,0.000,,false,0.8509740379534156,0.01593319053045027,0.44336428731283206,0.5131153862277995,database,shuffled-dipeptide,2,8,200,78421,17746615,0.5
388.500,9,0.000,,false,0.8509740379534156,0.01593319053045027,0.44336428731283206,0.5131153862277995,database,shuffled-dipeptide,2,8,200,78421,17746615,0.5
389.000,9,0.000,,false,0.8509740379534156,0.01593319053045027,0.44336428731283206,0.5131153862277995,database,shuffled-dipeptide,2,8,200,78421,17746615,0.5
389.500,9,0.000,,false,0.8509740379534156,0.01593319053045027,0.44336428731283206,0.5131153862277995,database,shuffled-dipeptide,2,8,200,78421,17746615,0.5
390.000,9,0.000,,false,0.8509740379534156,0.01593319053045027,0.44336428731283206,0.5131153862277995,database,shuffled-dipeptide,2,8,200,78421,17746615,0.5
390.500,9,0.000,,false,0.8509740379534156,0.01593319053045027,0.44336428731283206,0.5131153862277995,database,shuffled-dipeptide,2,8,200,78421,17746615,0.5
391.000,9,0.000,,false,0.8509740379534156,0.01593319053045027,0.44336428731283206,0.5131153862277995,database,shuffled-dipeptide,2,8,200,78421,17746615,0.5
391.500,9,0.000,,false,0.8509740379534156,0.01593319053045027,0.44336428731283206,0.5131153862277995,database,shuffled-dipeptide,2,8,200,78421,17746615,0.5
392.000,9,0.000,,false,0.8509740379534156,0.01593319053045027,0.44336428731283206,0.5131153862277995,database,shuffled-dipeptide,2,8,200,78421,17746615,0.5
392.500,9,0.000,,false,0.8509740379534156,0.01593319053045027,0.44336428731283206,0.5131153862277995,database,shuffled-dipeptide,2,8,200,78421,17746615,0.5
393.000,9,0.000,,false,0.8509740379534156,0.01593319053045027,0.44336428731283206,0.5131153862277995,database,shuffled-dipeptide,2,8,200,78421,17746615,0.5
393.500,9,0.000,,false,0.8509740379534156,0.01593319053045027,0.44336428731283206,0.5131153862277995,database,shuffled-dipeptide,2,8,200,78421,17746615,0.5
394.000,9,0.000,,false,0.8509740379534156,0.01593319053045027,0.44336428731283206,0.5131153862277995,database,shuffled-dipeptide,2,8,200,78421,17746615,0.5
394.500,9,0.000,,false,0.8509740379534156,0.01593319053045027,0.44336428731283206,0.5131153862277995,database,shuffled-dipeptide,2,8,200,78421,17746615,0.5
395.000,9,0.000,,false,0.8509740379534156,0.01593319053045027,0.44336428731283206,0.5131153862277995,database,shuffled-dipeptide,2,8,200,78421,17746615,0.5
395.500,9,0.000,,false,0.8509740379534156,0.01593319053045027,0.44336428731283206,0.5131153862277995,database,shuffled-dipeptide,2,8,200,78421,17746615,0.5
396.000,9,0.000,,false,0.8509740379534156,0.01593319053045027,0.44336428731283206,0.5131153862277995,database,shuffled-dipeptide,2,8,200,78421,17746615,0.5
396.500,9,0.000,,false,0.8509740379534156,0.01593319053045027,0.44336428731283206,0.5131153862277995,database,shuffled-dipeptide,2,8,200,78421,17746615,0.5
397.000,9,0.000,,false,0.8509740379534156,0.01593319053045027,0.44336428731283206,0.5131153862277995,database,shuffled-dipeptide,2,8,200,78421,17746615,0.5
397.500,8,0.000,,false,0.8509740379534156,0.01593319053045027,0.44336428731283206,0.5131153862277995,database,shuffled-dipeptide,2,8,200,78421,17746615,0.5
398.000,8,0.000,,false,0.8509740379534156,0.01593319053045027,0.44336428731283206,0.5131153862277995,database,shuffled-dipeptide,2,8,200,78421,17746615,0.5
398.500,8,0.000,,false,0.8509740379534156,0.01593319053045027,0.44336428731283206,0.5131153862277995,database,shuffled-dipeptide,2,8,200,78421,17746615,0.5
399.000,8,0.000,,false,0.8509740379534156,0.01593319053045027,0.44336428731283206,0.5131153862277995,database,shuffled-dipeptide,2,8,200,78421,17746615,0.5
399.500,8,0.000,,false,0.8509740379534156,0.01593319053045027,0.44336428731283206,0.5131153862277995,database,shuffled-dipeptide,2,8,200,78421,17746615,0.5
400.000,8,0.000,,false,0.8509740379534156,0.01593319053045027,0.44336428731283206,0.5131153862277995,database,shuffled-dipeptide,2,8,200,78421,17746615,0.5
400.500,8,0.000,,false,0.8509740379534156,0.01593319053045027,0.44336428731283206,0.5131153862277995,database,shuffled-dipeptide,2,8,200,78421,17746615,0.5
401.000,8,0.000,,false,0.8509740379534156,0.01593319053045027,0.44336428731283206,0.5131153862277995,database,shuffled-dipeptide,2,8,200,78421,17746615,0.5
401.500,8,0.000,,false,0.8509740379534156,0.01593319053045027,0.44336428731283206,0.5131153862277995,database,shuffled-dipeptide,2,8,200,78421,17746615,0.5
402.000,8,0.000,,false,0.8509740379534156,0.01593319053045027,0.44336428731283206,0.5131153862277995,database,shuffled-dipeptide,2,8,200,78421,17746615,0.5
402.500,8,0.000,,false,0.8509740379534156,0.01593319053045027,0.44336428731283206,0.5131153862277995,database,shuffled-dipeptide,2,8,200,78421,17746615,0.5
403.000,8,0.000,,false,0.8509740379534156,0.01593319053045027,0.44336428731283206,0.5131153862277995,database,shuffled-dipeptide,2,8,200,78421,17746615,0.5
403.500,8,0.000,,false,0.8509740379534156,0.01593319053045027,0.44336428731283206,0.5131153862277995,database,shuffled-dipeptide,2,8,200,78421,17746615,0.5
404.000,8,0.000,,false,0.8509740379534156,0.01593319053045027,0.44336428731283206,0.5131153862277995,database,shuffled-dipeptide,2,8,200,78421,17746615,0.5
404.500,8,0.000,,false,0.8509740379534156,0.01593319053045027,0.44336428731283206,0.5131153862277995,database,shuffled-dipeptide,2,8,200,78421,17746615,0.5
405.000,8,0.000,,false,0.8509740379534156,0.01593319053045027,0.44336428731283206,0.5131153862277995,database,shuffled-dipeptide,2,8,200,78421,17746615,0.5
405.500,8,0.000,,false,0.8509740379534156,0.01593319053045027,0.44336428731283206,0.5131153862277995,database,shuffled-dipeptide,2,8,200,78421,17746615,0.5
406.000,8,0.000,,false,0.8509740379534156,0.01593319053045027,0.44336428731283206,0.5131153862277995,database,shuffled-dipeptide,2,8,200,78421,17746615,0.5
406.500,8,0.000,,false,0.8509740379534156,0.01593319053045027,0.44336428731283206,0.5131153862277995,database,shuffled-dipeptide,2,8,200,78421,17746615,0.5
407.000,8,0.000,,false,0.8509740379534156,0.01593319053045027,0.44336428731283206,0.5131153862277995,database,shuffled-dipeptide,2,8,200,78421,17746615,0.5
407.500,8,0.000,,false,0.8509740379534156,0.01593319053045027,0.44336428731283206,0.5131153862277995,database,shuffled-dipeptide,2,8,200,78421,17746615,0.5
408.000,8,0.000,,false,0.8509740379534156,0.01593319053045027,0.44336428731283206,0.5131153862277995,database,shuffled-dipeptide,2,8,200,78421,17746615,0.5
408.500,8,0.000,,false,0.8509740379534156,0.01593319053045027,0.44336428731283206,0.5131153862277995,database,shuffled-dipeptide,2,8,200,78421,17746615,0.5
409.000,8,0.000,,false,0.8509740379534156,0.01593319053045027,0.44336428731283206,0.5131153862277995,database,shuffled-dipeptide,2,8,200,78421,17746615,0.5
409.500,8,0.000,,false,0.8509740379534156,0.01593319053045027,0.44336428731283206,0.5131153862277995,database,shuffled-dipeptide,2,8,200,78421,17746615,0.5
410.000,8,0.000,,false,0.8509740379534156,0.01593319053045027,0.44336428731283206,0.5131153862277995,database,shuffled-dipeptide,2,8,200,78421,17746615,0.5
410.500,8,0.000,,false,0.8509740379534156,0.01593319053045027,0.44336428731283206,0.5131153862277995,database,shuffled-dipeptide,2,8,200,78421,17746615,0.5
411.000,8,0.000,,false,0.8509740379534156,0.01593319053045027,0.44336428731283206,0.5131153862277995,database,shuffled-dipeptide,2,8,200,78421,17746615,0.5
411.500,8,0.000,,false,0.8509740379534156,0.01593319053045027,0.44336428731283206,0.5131153862277995,database,shuffled-dipeptide,2,8,200,78421,17746615,0.5
412.000,8,0.000,,false,0.8509740379534156,0.01593319053045027,0.44336428731283206,0.5131153862277995,database,shuffled-dipeptide,2,8,200,78421,17746615,0.5
412.500,8,0.000,,false,0.8509740379534156,0.01593319053045027,0.44336428731283206,0.5131153862277995,database,shuffled-dipeptide,2,8,200,78421,17746615,0.5
413.000,8,0.000,,false,0.8509740379534156,0.01593319053045027,0.44336428731283206,0.5131153862277995,database,shuffled-dipeptide,2,8,200,78421,17746615,0.5
413.500,8,0.000,,false,0.8509740379534156,0.01593319053045027,0.44336428731283206,0.5131153862277995,database,shuffled-dipeptide,2,8,200,78421,17746615,0.5
414.000,8,0.000,,false,0.8509740379534156,0.01593319053045027,0.44336428731283206,0.5131153862277995,database,shuffled-dipeptide,2,8,200,78421,17746615,0.5
414.500,8,0.000,,false,0.8509740379534156,0.01593319053045027,0.44336428731283206,0.5131153862277995,database,shuffled-dipeptide,2,8,200,78421,17746615,0.5
415.000,8,0.000,,false,0.8509740379534156,0.01593319053045027,0.44336428731283206,0.5131153862277995,database,shuffled-dipeptide,2,8,200,78421,17746615,0.5
415.500,8,0.000,,false,0.8509740379534156,0.01593319053045027,0.44336428731283206,0.5131153862277995,database,shuffled-dipeptide,2,8,200,78421,17746615,0.5
416.000,7,0.000,,false,0.8509740379534156,0.01593319053045027,0.44336428731283206,0.5131153862277995,database,shuffled-dipeptide,2,8,200,78421,17746615,0.5
416.500,7,0.000,,false,0.8509740379534156,0.01593319053045027,0.44336428731283206,0.5131153862277995,database,shuffled-dipeptide,2,8,200,78421,17746615,0.5
417.000,7,0.000,,false,0.8509740379534156,0.01593319053045027,0.44336428731283206,0.5131153862277995,database,shuffled-dipeptide,2,8,200,78421,17746615,0.5
417.500,7,0.000,,false,0.8509740379534156,0.01593319053045027,0.44336428731283206,0.5131153862277995,database,shuffled-dipeptide,2,8,200,78421,17746615,0.5
418.000,7,0.000,,false,0.8509740379534156,0.01593319053045027,0.44336428731283206,0.5131153862277995,database,shuffled-dipeptide,2,8,200,78421,17746615,0.5
418.500,7,0.000,,false,0.8509740379534156,0.01593319053045027,0.44336428731283206,0.5131153862277995,database,shuffled-dipeptide,2,8,200,78421,17746615,0.5
419.000,7,0.000,,false,0.8509740379534156,0.01593319053045027,0.44336428731283206,0.5131153862277995,database,shuffled-dipeptide,2,8,200,78421,17746615,0.5
419.500,7,0.000,,false,0.8509740379534156,0.01593319053045027,0.44336428731283206,0.5131153862277995,database,shuffled-dipeptide,2,8,200,78421,17746615,0.5
420.000,7,0.000,,false,0.8509740379534156,0.01593319053045027,0.44336428731283206,0.5131153862277995,database,shuffled-dipeptide,2,8,200,78421,17746615,0.5
420.500,5,0.000,,false,0.8509740379534156,0.01593319053045027,0.44336428731283206,0.5131153862277995,database,shuffled-dipeptide,2,8,200,78421,17746615,0.5
421.000,5,0.000,,false,0.8509740379534156,0.01593319053045027,0.44336428731283206,0.5131153862277995,database,shuffled-dipeptide,2,8,200,78421,17746615,0.5
421.500,5,0.000,,false,0.8509740379534156,0.01593319053045027,0.44336428731283206,0.5131153862277995,database,shuffled-dipeptide,2,8,200,78421,17746615,0.5
422.000,4,0.000,,false,0.8509740379534156,0.01593319053045027,0.44336428731283206,0.5131153862277995,database,shuffled-dipeptide,2,8,200,78421,17746615,0.5
422.500,4,0.000,,false,0.8509740379534156,0.01593319053045027,0.44336428731283206,0.5131153862277995,database,shuffled-dipeptide,2,8,200,78421,17746615,0.5
423.000,4,0.000,,false,0.8509740379534156,0.01593319053045027,0.44336428731283206,0.5131153862277995,database,shuffled-dipeptide,2,8,200,78421,17746615,0.5
423.500,4,0.000,,false,0.8509740379534156,0.01593319053045027,0.44336428731283206,0.5131153862277995,database,shuffled-dipeptide,2,8,200,78421,17746615,0.5
424.000,4,0.000,,false,0.8509740379534156,0.01593319053045027,0.44336428731283206,0.5131153862277995,database,shuffled-dipeptide,2,8,200,78421,17746615,0.5
424.500,2,0.000,,false,0.8509740379534156,0.01593319053045027,0.44336428731283206,0.5131153862277995,database,shuffled-dipeptide,2,8,200,78421,17746615,0.5
425.000,2,0.000,,false,0.8509740379534156,0.01593319053045027,0.44336428731283206,0.5131153862277995,database,shuffled-dipeptide,2,8,200,78421,17746615,0.5
425.500,2,0.000,,false,0.8509740379534156,0.01593319053045027,0.44336428731283206,0.5131153862277995,database,shuffled-dipeptide,2,8,200,78421,17746615,0.5
426.000,2,0.000,,false,0.8509740379534156,0.01593319053045027,0.44336428731283206,0.5131153862277995,database,shuffled-dipeptide,2,8,200,78421,17746615,0.5
426.500,2,0.000,,false,0.8509740379534156,0.01593319053045027,0.44336428731283206,0.5131153862277995,database,shuffled-dipeptide,2,8,200,78421,17746615,0.5
427.000,2,0.000,,false,0.8509740379534156,0.01593319053045027,0.44336428731283206,0.5131153862277995,database,shuffled-dipeptide,2,8,200,78421,17746615,0.5
427.500,2,0.000,,false,0.8509740379534156,0.01593319053045027,0.44336428731283206,0.5131153862277995,database,shuffled-dipeptide,2,8,200,78421,17746615,0.5
428.000,2,0.000,,false,0.8509740379534156,0.01593319053045027,0.44336428731283206,0.5131153862277995,database,shuffled-dipeptide,2,8,200,78421,17746615,0.5
428.500,2,0.000,,false,0.8509740379534156,0.01593319053045027,0.44336428731283206,0.5131153862277995,database,shuffled-dipeptide,2,8,200,78421,17746615,0.5
429.000,2,0.000,,false,0.8509740379534156,0.01593319053045027,0.44336428731283206,0.5131153862277995,database,shuffled-dipeptide,2,8,200,78421,17746615,0.5
429.500,2,0.000,,false,0.8509740379534156,0.01593319053045027,0.44336428731283206,0.5131153862277995,database,shuffled-dipeptide,2,8,200,78421,17746615,0.5
430.000,2,0.000,,false,0.8509740379534156,0.01593319053045027,0.44336428731283206,0.5131153862277995,database,shuffled-dipeptide,2,8,200,78421,17746615,0.5
430.500,2,0.000,,false,0.8509740379534156,0.01593319053045027,0.44336428731283206,0.5131153862277995,database,shuffled-dipeptide,2,8,200,78421,17746615,0.5
431.000,2,0.000,,false,0.8509740379534156,0.01593319053045027,0.44336428731283206,0.5131153862277995,database,shuffled-dipeptide,2,8,200,78421,17746615,0.5
431.500,2,0.000,,false,0.8509740379534156,0.01593319053045027,0.44336428731283206,0.5131153862277995,database,shuffled-dipeptide,2,8,200,78421,17746615,0.5
432.000,2,0.000,,false,0.8509740379534156,0.01593319053045027,0.44336428731283206,0.5131153862277995,database,shuffled-dipeptide,2,8,200,78421,17746615,0.5
432.500,2,0.000,,false,0.8509740379534156,0.01593319053045027,0.44336428731283206,0.5131153862277995,database,shuffled-dipeptide,2,8,200,78421,17746615,0.5
433.000,2,0.000,,false,0.8509740379534156,0.01593319053045027,0.44336428731283206,0.5131153862277995,database,shuffled-dipeptide,2,8,200,78421,17746615,0.5
433.500,2,0.000,,false,0.8509740379534156,0.01593319053045027,0.44336428731283206,0.5131153862277995,database,shuffled-dipeptide,2,8,200,78421,17746615,0.5
434.000,2,0.000,,false,0.8509740379534156,0.01593319053045027,0.44336428731283206,0.5131153862277995,database,shuffled-dipeptide,2,8,200,78421,17746615,0.5
434.500,2,0.000,,false,0.8509740379534156,0.01593319053045027,0.44336428731283206,0.5131153862277995,database,shuffled-dipeptide,2,8,200,78421,17746615,0.5
435.000,2,0.000,,false,0.8509740379534156,0.01593319053045027,0.44336428731283206,0.5131153862277995,database,shuffled-dipeptide,2,8,200,78421,17746615,0.5
435.500,2,0.000,,false,0.8509740379534156,0.01593319053045027,0.44336428731283206,0.5131153862277995,database,shuffled-dipeptide,2,8,200,78421,17746615,0.5
436.000,2,0.000,,false,0.8509740379534156,0.01593319053045027,0.44336428731283206,0.5131153862277995,database,shuffled-dipeptide,2,8,200,78421,17746615,0.5
436.500,2,0.000,,false,0.8509740379534156,0.01593319053045027,0.44336428731283206,0.5131153862277995,database,shuffled-dipeptide,2,8,200,78421,17746615,0.5
437.000,2,0.000,,false,0.8509740379534156,0.01593319053045027,0.44336428731283206,0.5131153862277995,database,shuffled-dipeptide,2,8,200,78421,17746615,0.5
437.500,2,0.000,,false,0.8509740379534156,0.01593319053045027,0.44336428731283206,0.5131153862277995,database,shuffled-dipeptide,2,8,200,78421,17746615,0.5
438.000,2,0.000,,false,0.8509740379534156,0.01593319053045027,0.44336428731283206,0.5131153862277995,database,shuffled-dipeptide,2,8,200,78421,17746615,0.5
438.500,2,0.000,,false,0.8509740379534156,0.01593319053045027,0.44336428731283206,0.5131153862277995,database,shuffled-dipeptide,2,8,200,78421,17746615,0.5
439.000,2,0.000,,false,0.8509740379534156,0.01593319053045027,0.44336428731283206,0.5131153862277995,database,shuffled-dipeptide,2,8,200,78421,17746615,0.5
439.500,2,0.000,,false,0.8509740379534156,0.01593319053045027,0.44336428731283206,0.5131153862277995,database,shuffled-dipeptide,2,8,200,78421,17746615,0.5
440.000,2,0.000,,false,0.8509740379534156,0.01593319053045027,0.44336428731283206,0.5131153862277995,database,shuffled-dipeptide,2,8,200,78421,17746615,0.5
440.500,2,0.000,,false,0.8509740379534156,0.01593319053045027,0.44336428731283206,0.5131153862277995,database,shuffled-dipeptide,2,8,200,78421,17746615,0.5
441.000,2,0.000,,false,0.8509740379534156,0.01593319053045027,0.44336428731283206,0.5131153862277995,database,shuffled-dipeptide,2,8,200,78421,17746615,0.5
441.500,2,0.000,,false,0.8509740379534156,0.01593319053045027,0.44336428731283206,0.5131153862277995,database,shuffled-dipeptide,2,8,200,78421,17746615,0.5
442.000,2,0.000,,false,0.8509740379534156,0.01593319053045027,0.44336428731283206,0.5131153862277995,database,shuffled-dipeptide,2,8,200,78421,17746615,0.5
442.500,2,0.000,,false,0.8509740379534156,0.01593319053045027,0.44336428731283206,0.5131153862277995,database,shuffled-dipeptide,2,8,200,78421,17746615,0.5
443.000,2,0.000,,false,0.8509740379534156,0.01593319053045027,0.44336428731283206,0.5131153862277995,database,shuffled-dipeptide,2,8,200,78421,17746615,0.5
443.500,2,0.000,,false,0.8509740379534156,0.01593319053045027,0.44336428731283206,0.5131153862277995,database,shuffled-dipeptide,2,8,200,78421,17746615,0.5
444.000,2,0.000,,false,0.8509740379534156,0.01593319053045027,0.44336428731283206,0.5131153862277995,database,shuffled-dipeptide,2,8,200,78421,17746615,0.5
444.500,2,0.000,,false,0.8509740379534156,0.01593319053045027,0.44336428731283206,0.5131153862277995,database,shuffled-dipeptide,2,8,200,78421,17746615,0.5
445.000,2,0.000,,false,0.8509740379534156,0.01593319053045027,0.44336428731283206,0.5131153862277995,database,shuffled-dipeptide,2,8,200,78421,17746615,0.5
445.500,2,0.000,,false,0.8509740379534156,0.01593319053045027,0.44336428731283206,0.5131153862277995,database,shuffled-dipeptide,2,8,200,78421,17746615,0.5
446.000,2,0.000,,false,0.8509740379534156,0.01593319053045027,0.44336428731283206,0.5131153862277995,database,shuffled-dipeptide,2,8,200,78421,17746615,0.5
446.500,2,0.000,,false,0.8509740379534156,0.01593319053045027,0.44336428731283206,0.5131153862277995,database,shuffled-dipeptide,2,8,200,78421,17746615,0.5
447.000,2,0.000,,false,0.8509740379534156,0.01593319053045027,0.44336428731283206,0.5131153862277995,database,shuffled-dipeptide,2,8,200,78421,17746615,0.5
447.500,2,0.000,,false,0.8509740379534156,0.01593319053045027,0.44336428731283206,0.5131153862277995,database,shuffled-dipeptide,2,8,200,78421,17746615,0.5
448.000,2,0.000,,false,0.8509740379534156,0.01593319053045027,0.44336428731283206,0.5131153862277995,database,shuffled-dipeptide,2,8,200,78421,17746615,0.5
448.500,2,0.000,,false,0.8509740379534156,0.01593319053045027,0.44336428731283206,0.5131153862277995,database,shuffled-dipeptide,2,8,200,78421,17746615,0.5
449.000,2,0.000,,false,0.8509740379534156,0.01593319053045027,0.44336428731283206,0.5131153862277995,database,shuffled-dipeptide,2,8,200,78421,17746615,0.5
449.500,2,0.000,,false,0.8509740379534156,0.01593319053045027,0.44336428731283206,0.5131153862277995,database,shuffled-dipeptide,2,8,200,78421,17746615,0.5
450.000,2,0.000,,false,0.8509740379534156,0.01593319053045027,0.44336428731283206,0.5131153862277995,database,shuffled-dipeptide,2,8,200,78421,17746615,0.5
450.500,2,0.000,,false,0.8509740379534156,0.01593319053045027,0.44336428731283206,0.5131153862277995,database,shuffled-dipeptide,2,8,200,78421,17746615,0.5
451.000,2,0.000,,false,0.8509740379534156,0.01593319053045027,0.44336428731283206,0.5131153862277995,database,shuffled-dipeptide,2,8,200,78421,17746615,0.5
451.500,2,0.000,,false,0.8509740379534156,0.01593319053045027,0.44336428731283206,0.5131153862277995,database,shuffled-dipeptide,2,8,200,78421,17746615,0.5
452.000,2,0.000,,false,0.8509740379534156,0.01593319053045027,0.44336428731283206,0.5131153862277995,database,shuffled-dipeptide,2,8,200,78421,17746615,0.5
452.500,2,0.000,,false,0.8509740379534156,0.01593319053045027,0.44336428731283206,0.5131153862277995,database,shuffled-dipeptide,2,8,200,78421,17746615,0.5
453.000,2,0.000,,false,0.8509740379534156,0.01593319053045027,0.44336428731283206,0.5131153862277995,database,shuffled-dipeptide,2,8,200,78421,17746615,0.5
453.500,2,0.000,,false,0.8509740379534156,0.01593319053045027,0.44336428731283206,0.5131153862277995,database,shuffled-dipeptide,2,8,200,78421,17746615,0.5
454.000,2,0.000,,false,0.8509740379534156,0.01593319053045027,0.44336428731283206,0.5131153862277995,database,shuffled-dipeptide,2,8,200,78421,17746615,0.5
454.500,2,0.000,,false,0.8509740379534156,0.01593319053045027,0.44336428731283206,0.5131153862277995,database,shuffled-dipeptide,2,8,200,78421,17746615,0.5
455.000,2,0.000,,false,0.8509740379534156,0.01593319053045027,0.44336428731283206,0.5131153862277995,database,shuffled-dipeptide,2,8,200,78421,17746615,0.5
455.500,2,0.000,,false,0.8509740379534156,0.01593319053045027,0.44336428731283206,0.5131153862277995,database,shuffled-dipeptide,2,8,200,78421,17746615,0.5
456.000,2,0.000,,false,0.8509740379534156,0.01593319053045027,0.44336428731283206,0.5131153862277995,database,shuffled-dipeptide,2,8,200,78421,17746615,0.5
456.500,2,0.000,,false,0.8509740379534156,0.01593319053045027,0.44336428731283206,0.5131153862277995,database,shuffled-dipeptide,2,8,200,78421,17746615,0.5
457.000,2,0.000,,false,0.8509740379534156,0.01593319053045027,0.44336428731283206,0.5131153862277995,database,shuffled-dipeptide,2,8,200,78421,17746615,0.5
457.500,2,0.000,,false,0.8509740379534156,0.01593319053045027,0.44336428731283206,0.5131153862277995,database,shuffled-dipeptide,2,8,200,78421,17746615,0.5
458.000,2,0.000,,false,0.8509740379534156,0.01593319053045027,0.44336428731283206,0.5131153862277995,database,shuffled-dipeptide,2,8,200,78421,17746615,0.5
458.500,2,0.000,,false,0.8509740379534156,0.01593319053045027,0.44336428731283206,0.5131153862277995,database,shuffled-dipeptide,2,8,200,78421,17746615,0.5
459.000,2,0.000,,false,0.8509740379534156,0.01593319053045027,0.44336428731283206,0.5131153862277995,database,shuffled-dipeptide,2,8,200,78421,17746615,0.5
459.500,2,0.000,,false,0.8509740379534156,0.01593319053045027,0.44336428731283206,0.5131153862277995,database,shuffled-dipeptide,2,8,200,78421,17746615,0.5
460.000,2,0.000,,false,0.8509740379534156,0.01593319053045027,0.44336428731283206,0.5131153862277995,database,shuffled-dipeptide,2,8,200,78421,17746615,0.5
460.500,2,0.000,,false,0.8509740379534156,0.01593319053045027,0.44336428731283206,0.5131153862277995,database,shuffled-dipeptide,2,8,200,78421,17746615,0.5
461.000,2,0.000,,false,0.8509740379534156,0.01593319053045027,0.44336428731283206,0.5131153862277995,database,shuffled-dipeptide,2,8,200,78421,17746615,0.5
461.500,2,0.000,,false,0.8509740379534156,0.01593319053045027,0.44336428731283206,0.5131153862277995,database,shuffled-dipeptide,2,8,200,78421,17746615,0.5
462.000,2,0.000,,false,0.8509740379534156,0.01593319053045027,0.44336428731283206,0.5131153862277995,database,shuffled-dipeptide,2,8,200,78421,17746615,0.5
462.500,2,0.000,,false,0.8509740379534156,0.01593319053045027,0.44336428731283206,0.5131153862277995,database,shuffled-dipeptide,2,8,200,78421,17746615,0.5
463.000,2,0.000,,false,0.8509740379534156,0.01593319053045027,0.44336428731283206,0.5131153862277995,database,shuffled-dipeptide,2,8,200,78421,17746615,0.5
463.500,2,0.000,,false,0.8509740379534156,0.01593319053045027,0.44336428731283206,0.5131153862277995,database,shuffled-dipeptide,2,8,200,78421,17746615,0.5
464.000,2,0.000,,false,0.8509740379534156,0.01593319053045027,0.44336428731283206,0.5131153862277995,database,shuffled-dipeptide,2,8,200,78421,17746615,0.5
464.500,2,0.000,,false,0.8509740379534156,0.01593319053045027,0.44336428731283206,0.5131153862277995,database,shuffled-dipeptide,2,8,200,78421,17746615,0.5
465.000,2,0.000,,false,0.8509740379534156,0.01593319053045027,0.44336428731283206,0.5131153862277995,database,shuffled-dipeptide,2,8,200,78421,17746615,0.5
465.500,2,0.000,,false,0.8509740379534156,0.01593319053045027,0.44336428731283206,0.5131153862277995,database,shuffled-dipeptide,2,8,200,78421,17746615,0.5
466.000,2,0.000,,false,0.8509740379534156,0.01593319053045027,0.44336428731283206,0.5131153862277995,database,shuffled-dipeptide,2,8,200,78421,17746615,0.5
466.500,2,0.000,,false,0.8509740379534156,0.01593319053045027,0.44336428731283206,0.5131153862277995,database,shuffled-dipeptide,2,8,200,78421,17746615,0.5
467.000,2,0.000,,false,0.8509740379534156,0.01593319053045027,0.44336428731283206,0.5131153862277995,database,shuffled-dipeptide,2,8,200,78421,17746615,0.5
467.500,2,0.000,,false,0.8509740379534156,0.01593319053045027,0.44336428731283206,0.5131153862277995,database,shuffled-dipeptide,2,8,200,78421,17746615,0.5
468.000,2,0.000,,false,0.8509740379534156,0.01593319053045027,0.44336428731283206,0.5131153862277995,database,shuffled-dipeptide,2,8,200,78421,17746615,0.5
468.500,2,0.000,,false,0.8509740379534156,0.01593319053045027,0.44336428731283206,0.5131153862277995,database,shuffled-dipeptide,2,8,200,78421,17746615,0.5
469.000,2,0.000,,false,0.8509740379534156,0.01593319053045027,0.44336428731283206,0.5131153862277995,database,shuffled-dipeptide,2,8,200,78421,17746615,0.5
469.500,2,0.000,,false,0.8509740379534156,0.01593319053045027,0.44336428731283206,0.5131153862277995,database,shuffled-dipeptide,2,8,200,78421,17746615,0.5
470.000,2,0.000,,false,0.8509740379534156,0.01593319053045027,0.44336428731283206,0.5131153862277995,database,shuffled-dipeptide,2,8,200,78421,17746615,0.5
470.500,2,0.000,,false,0.8509740379534156,0.01593319053045027,0.44336428731283206,0.5131153862277995,database,shuffled-dipeptide,2,8,200,78421,17746615,0.5
471.000,2,0.000,,false,0.8509740379534156,0.01593319053045027,0.44336428731283206,0.5131153862277995,database,shuffled-dipeptide,2,8,200,78421,17746615,0.5
471.500,2,0.000,,false,0.8509740379534156,0.01593319053045027,0.44336428731283206,0.5131153862277995,database,shuffled-dipeptide,2,8,200,78421,17746615,0.5
472.000,2,0.000,,false,0.8509740379534156,0.01593319053045027,0.44336428731283206,0.5131153862277995,database,shuffled-dipeptide,2,8,200,78421,17746615,0.5
472.500,2,0.000,,false,0.8509740379534156,0.01593319053045027,0.44336428731283206,0.5131153862277995,database,shuffled-dipeptide,2,8,200,78421,17746615,0.5
473.000,2,0.000,,false,0.8509740379534156,0.01593319053045027,0.44336428731283206,0.5131153862277995,database,shuffled-dipeptide,2,8,200,78421,17746615,0.5
473.500,2,0.000,,false,0.8509740379534156,0.01593319053045027,0.44336428731283206,0.5131153862277995,database,shuffled-dipeptide,2,8,200,78421,17746615,0.5
474.000,2,0.000,,false,0.8509740379534156,0.01593319053045027,0.44336428731283206,0.5131153862277995,database,shuffled-dipeptide,2,8,200,78421,17746615,0.5
474.500,2,0.000,,false,0.8509740379534156,0.01593319053045027,0.44336428731283206,0.5131153862277995,database,shuffled-dipeptide,2,8,200,78421,17746615,0.5
475.000,2,0.000,,false,0.8509740379534156,0.01593319053045027,0.44336428731283206,0.5131153862277995,database,shuffled-dipeptide,2,8,200,78421,17746615,0.5
475.500,2,0.000,,false,0.8509740379534156,0.01593319053045027,0.44336428731283206,0.5131153862277995,database,shuffled-dipeptide,2,8,200,78421,17746615,0.5
476.000,2,0.000,,false,0.8509740379534156,0.01593319053045027,0.44336428731283206,0.5131153862277995,database,shuffled-dipeptide,2,8,200,78421,17746615,0.5
476.500,2,0.000,,false,0.8509740379534156,0.01593319053045027,0.44336428731283206,0.5131153862277995,database,shuffled-dipeptide,2,8,200,78421,17746615,0.5
477.000,2,0.000,,false,0.8509740379534156,0.01593319053045027,0.44336428731283206,0.5131153862277995,database,shuffled-dipeptide,2,8,200,78421,17746615,0.5
477.500,2,0.000,,false,0.8509740379534156,0.01593319053045027,0.44336428731283206,0.5131153862277995,database,shuffled-dipeptide,2,8,200,78421,17746615,0.5
478.000,2,0.000,,false,0.8509740379534156,0.01593319053045027,0.44336428731283206,0.5131153862277995,database,shuffled-dipeptide,2,8,200,78421,17746615,0.5
478.500,2,0.000,,false,0.8509740379534156,0.01593319053045027,0.44336428731283206,0.5131153862277995,database,shuffled-dipeptide,2,8,200,78421,17746615,0.5
479.000,2,0.000,,false,0.8509740379534156,0.01593319053045027,0.44336428731283206,0.5131153862277995,database,shuffled-dipeptide,2,8,200,78421,17746615,0.5
479.500,2,0.000,,false,0.8509740379534156,0.01593319053045027,0.44336428731283206,0.5131153862277995,database,shuffled-dipeptide,2,8,200,78421,17746615,0.5
480.000,2,0.000,,false,0.8509740379534156,0.01593319053045027,0.44336428731283206,0.5131153862277995,database,shuffled-dipeptide,2,8,200,78421,17746615,0.5
480.500,2,0.000,,false,0.8509740379534156,0.01593319053045027,0.44336428731283206,0.5131153862277995,database,shuffled-dipeptide,2,8,200,78421,17746615,0.5
481.000,2,0.000,,false,0.8509740379534156,0.01593319053045027,0.44336428731283206,0.5131153862277995,database,shuffled-dipeptide,2,8,200,78421,17746615,0.5
481.500,2,0.000,,false,0.8509740379534156,0.01593319053045027,0.44336428731283206,0.5131153862277995,database,shuffled-dipeptide,2,8,200,78421,17746615,0.5
482.000,2,0.000,,false,0.8509740379534156,0.01593319053045027,0.44336428731283206,0.5131153862277995,database,shuffled-dipeptide,2,8,200,78421,17746615,0.5
482.500,2,0.000,,false,0.8509740379534156,0.01593319053045027,0.44336428731283206,0.5131153862277995,database,shuffled-dipeptide,2,8,200,78421,17746615,0.5
483.000,2,0.000,,false,0.8509740379534156,0.01593319053045027,0.44336428731283206,0.5131153862277995,database,shuffled-dipeptide,2,8,200,78421,17746615,0.5
483.500,2,0.000,,false,0.8509740379534156,0.01593319053045027,0.44336428731283206,0.5131153862277995,database,shuffled-dipeptide,2,8,200,78421,17746615,0.5
484.000,2,0.000,,false,0.8509740379534156,0.01593319053045027,0.44336428731283206,0.5131153862277995,database,shuffled-dipeptide,2,8,200,78421,17746615,0.5
484.500,2,0.000,,false,0.8509740379534156,0.01593319053045027,0.44336428731283206,0.5131153862277995,database,shuffled-dipeptide,2,8,200,78421,17746615,0.5
485.000,2,0.000,,false,0.8509740379534156,0.01593319053045027,0.44336428731283206,0.5131153862277995,database,shuffled-dipeptide,2,8,200,78421,17746615,0.5
485.500,2,0.000,,false,0.8509740379534156,0.01593319053045027,0.44336428731283206,0.5131153862277995,database,shuffled-dipeptide,2,8,200,78421,17746615,0.5
486.000,2,0.000,,false,0.8509740379534156,0.01593319053045027,0.44336428731283206,0.5131153862277995,database,shuffled-dipeptide,2,8,200,78421,17746615,0.5
486.500,2,0.000,,false,0.8509740379534156,0.01593319053045027,0.44336428731283206,0.5131153862277995,database,shuffled-dipeptide,2,8,200,78421,17746615,0.5
487.000,2,0.000,,false,0.8509740379534156,0.01593319053045027,0.44336428731283206,0.5131153862277995,database,shuffled-dipeptide,2,8,200,78421,17746615,0.5
487.500,2,0.000,,false,0.8509740379534156,0.01593319053045027,0.44336428731283206,0.5131153862277995,database,shuffled-dipeptide,2,8,200,78421,17746615,0.5
488.000,2,0.000,,false,0.8509740379534156,0.01593319053045027,0.44336428731283206,0.5131153862277995,database,shuffled-dipeptide,2,8,200,78421,17746615,0.5
488.500,2,0.000,,false,0.8509740379534156,0.01593319053045027,0.44336428731283206,0.5131153862277995,database,shuffled-dipeptide,2,8,200,78421,17746615,0.5
489.000,2,0.000,,false,0.8509740379534156,0.01593319053045027,0.44336428731283206,0.5131153862277995,database,shuffled-dipeptide,2,8,200,78421,17746615,0.5
489.500,2,0.000,,false,0.8509740379534156,0.01593319053045027,0.44336428731283206,0.5131153862277995,database,shuffled-dipeptide,2,8,200,78421,17746615,0.5
490.000,2,0.000,,false,0.8509740379534156,0.01593319053045027,0.44336428731283206,0.5131153862277995,database,shuffled-dipeptide,2,8,200,78421,17746615,0.5
490.500,2,0.000,,false,0.8509740379534156,0.01593319053045027,0.44336428731283206,0.5131153862277995,database,shuffled-dipeptide,2,8,200,78421,17746615,0.5
491.000,2,0.000,,false,0.8509740379534156,0.01593319053045027,0.44336428731283206,0.5131153862277995,database,shuffled-dipeptide,2,8,200,78421,17746615,0.5
491.500,2,0.000,,false,0.8509740379534156,0.01593319053045027,0.44336428731283206,0.5131153862277995,database,shuffled-dipeptide,2,8,200,78421,17746615,0.5
492.000,2,0.000,,false,0.8509740379534156,0.01593319053045027,0.44336428731283206,0.5131153862277995,database,shuffled-dipeptide,2,8,200,78421,17746615,0.5
492.500,2,0.000,,false,0.8509740379534156,0.01593319053045027,0.44336428731283206,0.5131153862277995,database,shuffled-dipeptide,2,8,200,78421,17746615,0.5
493.000,2,0.000,,false,0.8509740379534156,0.01593319053045027,0.44336428731283206,0.5131153862277995,database,shuffled-dipeptide,2,8,200,78421,17746615,0.5
493.500,2,0.000,,false,0.8509740379534156,0.01593319053045027,0.44336428731283206,0.5131153862277995,database,shuffled-dipeptide,2,8,200,78421,17746615,0.5
494.000,2,0.000,,false,0.8509740379534156,0.01593319053045027,0.44336428731283206,0.5131153862277995,database,shuffled-dipeptide,2,8,200,78421,17746615,0.5
494.500,2,0.000,,false,0.8509740379534156,0.01593319053045027,0.44336428731283206,0.5131153862277995,database,shuffled-dipeptide,2,8,200,78421,17746615,0.5
495.000,2,0.000,,false,0.8509740379534156,0.01593319053045027,0.44336428731283206,0.5131153862277995,database,shuffled-dipeptide,2,8,200,78421,17746615,0.5
495.500,2,0.000,,false,0.8509740379534156,0.01593319053045027,0.44336428731283206,0.5131153862277995,database,shuffled-dipeptide,2,8,200,78421,17746615,0.5
496.000,2,0.000,,false,0.8509740379534156,0.01593319053045027,0.44336428731283206,0.5131153862277995,database,shuffled-dipeptide,2,8,200,78421,17746615,0.5
496.500,2,0.000,,false,0.8509740379534156,0.01593319053045027,0.44336428731283206,0.5131153862277995,database,shuffled-dipeptide,2,8,200,78421,17746615,0.5
497.000,2,0.000,,false,0.8509740379534156,0.01593319053045027,0.44336428731283206,0.5131153862277995,database,shuffled-dipeptide,2,8,200,78421,17746615,0.5
497.500,2,0.000,,false,0.8509740379534156,0.01593319053045027,0.44336428731283206,0.5131153862277995,database,shuffled-dipeptide,2,8,200,78421,17746615,0.5
498.000,2,0.000,,false,0.8509740379534156,0.01593319053045027,0.44336428731283206,0.5131153862277995,database,shuffled-dipeptide,2,8,200,78421,17746615,0.5
498.500,2,0.000,,false,0.8509740379534156,0.01593319053045027,0.44336428731283206,0.5131153862277995,database,shuffled-dipeptide,2,8,200,78421,17746615,0.5
499.000,2,0.000,,false,0.8509740379534156,0.01593319053045027,0.44336428731283206,0.5131153862277995,database,shuffled-dipeptide,2,8,200,78421,17746615,0.5
499.500,2,0.000,,false,0.8509740379534156,0.01593319053045027,0.44336428731283206,0.5131153862277995,database,shuffled-dipeptide,2,8,200,78421,17746615,0.5
500.000,2,0.000,,false,0.8509740379534156,0.01593319053045027,0.44336428731283206,0.5131153862277995,database,shuffled-dipeptide,2,8,200,78421,17746615,0.5
500.500,2,0.000,,false,0.8509740379534156,0.01593319053045027,0.44336428731283206,0.5131153862277995,database,shuffled-dipeptide,2,8,200,78421,17746615,0.5
501.000,2,0.000,,false,0.8509740379534156,0.01593319053045027,0.44336428731283206,0.5131153862277995,database,shuffled-dipeptide,2,8,200,78421,17746615,0.5
501.500,2,0.000,,false,0.8509740379534156,0.01593319053045027,0.44336428731283206,0.5131153862277995,database,shuffled-dipeptide,2,8,200,78421,17746615,0.5
502.000,2,0.000,,false,0.8509740379534156,0.01593319053045027,0.44336428731283206,0.5131153862277995,database,shuffled-dipeptide,2,8,200,78421,17746615,0.5
502.500,2,0.000,,false,0.8509740379534156,0.01593319053045027,0.44336428731283206,0.5131153862277995,database,shuffled-dipeptide,2,8,200,78421,17746615,0.5
503.000,2,0.000,,false,0.8509740379534156,0.01593319053045027,0.44336428731283206,0.5131153862277995,database,shuffled-dipeptide,2,8,200,78421,17746615,0.5
503.500,2,0.000,,false,0.8509740379534156,0.01593319053045027,0.44336428731283206,0.5131153862277995,database,shuffled-dipeptide,2,8,200,78421,17746615,0.5
504.000,2,0.000,,false,0.8509740379534156,0.01593319053045027,0.44336428731283206,0.5131153862277995,database,shuffled-dipeptide,2,8,200,78421,17746615,0.5
504.500,2,0.000,,false,0.8509740379534156,0.01593319053045027,0.44336428731283206,0.5131153862277995,database,shuffled-dipeptide,2,8,200,78421,17746615,0.5
505.000,2,0.000,,false,0.8509740379534156,0.01593319053045027,0.44336428731283206,0.5131153862277995,database,shuffled-dipeptide,2,8,200,78421,17746615,0.5
505.500,2,0.000,,false,0.8509740379534156,0.01593319053045027,0.44336428731283206,0.5131153862277995,database,shuffled-dipeptide,2,8,200,78421,17746615,0.5
506.000,2,0.000,,false,0.8509740379534156,0.01593319053045027,0.44336428731283206,0.5131153862277995,database,shuffled-dipeptide,2,8,200,78421,17746615,0.5
506.500,2,0.000,,false,0.8509740379534156,0.01593319053045027,0.44336428731283206,0.5131153862277995,database,shuffled-dipeptide,2,8,200,78421,17746615,0.5
507.000,2,0.000,,false,0.8509740379534156,0.01593319053045027,0.44336428731283206,0.5131153862277995,database,shuffled-dipeptide,2,8,200,78421,17746615,0.5
507.500,2,0.000,,false,0.8509740379534156,0.01593319053045027,0.44336428731283206,0.5131153862277995,database,shuffled-dipeptide,2,8,200,78421,17746615,0.5
508.000,2,0.000,,false,0.8509740379534156,0.01593319053045027,0.44336428731283206,0.5131153862277995,database,shuffled-dipeptide,2,8,200,78421,17746615,0.5
508.500,2,0.000,,false,0.8509740379534156,0.01593319053045027,0.44336428731283206,0.5131153862277995,database,shuffled-dipeptide,2,8,200,78421,17746615,0.5
509.000,2,0.000,,false,0.8509740379534156,0.01593319053045027,0.44336428731283206,0.5131153862277995,database,shuffled-dipeptide,2,8,200,78421,17746615,0.5
509.500,2,0.000,,false,0.8509740379534156,0.01593319053045027,0.44336428731283206,0.5131153862277995,database,shuffled-dipeptide,2,8,200,78421,17746615,0.5
510.000,2,0.000,,false,0.8509740379534156,0.01593319053045027,0.44336428731283206,0.5131153862277995,database,shuffled-dipeptide,2,8,200,78421,17746615,0.5
510.500,2,0.000,,false,0.8509740379534156,0.01593319053045027,0.44336428731283206,0.5131153862277995,database,shuffled-dipeptide,2,8,200,78421,17746615,0.5
511.000,2,0.000,,false,0.8509740379534156,0.01593319053045027,0.44336428731283206,0.5131153862277995,database,shuffled-dipeptide,2,8,200,78421,17746615,0.5
511.500,2,0.000,,false,0.8509740379534156,0.01593319053045027,0.44336428731283206,0.5131153862277995,database,shuffled-dipeptide,2,8,200,78421,17746615,0.5
512.000,2,0.000,,false,0.8509740379534156,0.01593319053045027,0.44336428731283206,0.5131153862277995,database,shuffled-dipeptide,2,8,200,78421,17746615,0.5
512.500,2,0.000,,false,0.8509740379534156,0.01593319053045027,0.44336428731283206,0.5131153862277995,database,shuffled-dipeptide,2,8,200,78421,17746615,0.5
513.000,2,0.000,,false,0.8509740379534156,0.01593319053045027,0.44336428731283206,0.5131153862277995,database,shuffled-dipeptide,2,8,200,78421,17746615,0.5
513.500,2,0.000,,false,0.8509740379534156,0.01593319053045027,0.44336428731283206,0.5131153862277995,database,shuffled-dipeptide,2,8,200,78421,17746615,0.5
514.000,2,0.000,,false,0.8509740379534156,0.01593319053045027,0.44336428731283206,0.5131153862277995,database,shuffled-dipeptide,2,8,200,78421,17746615,0.5
514.500,2,0.000,,false,0.8509740379534156,0.01593319053045027,0.44336428731283206,0.5131153862277995,database,shuffled-dipeptide,2,8,200,78421,17746615,0.5
515.000,2,0.000,,false,0.8509740379534156,0.01593319053045027,0.44336428731283206,0.5131153862277995,database,shuffled-dipeptide,2,8,200,78421,17746615,0.5
515.500,2,0.000,,false,0.8509740379534156,0.01593319053045027,0.44336428731283206,0.5131153862277995,database,shuffled-dipeptide,2,8,200,78421,17746615,0.5
516.000,2,0.000,,false,0.8509740379534156,0.01593319053045027,0.44336428731283206,0.5131153862277995,database,shuffled-dipeptide,2,8,200,78421,17746615,0.5
516.500,2,0.000,,false,0.8509740379534156,0.01593319053045027,0.44336428731283206,0.5131153862277995,database,shuffled-dipeptide,2,8,200,78421,17746615,0.5
517.000,2,0.000,,false,0.8509740379534156,0.01593319053045027,0.44336428731283206,0.5131153862277995,database,shuffled-dipeptide,2,8,200,78421,17746615,0.5
517.500,2,0.000,,false,0.8509740379534156,0.01593319053045027,0.44336428731283206,0.5131153862277995,database,shuffled-dipeptide,2,8,200,78421,17746615,0.5
518.000,2,0.000,,false,0.8509740379534156,0.01593319053045027,0.44336428731283206,0.5131153862277995,database,shuffled-dipeptide,2,8,200,78421,17746615,0.5
518.500,1,0.000,,false,0.8509740379534156,0.01593319053045027,0.44336428731283206,0.5131153862277995,database,shuffled-dipeptide,2,8,200,78421,17746615,0.5
519.000,1,0.000,,false,0.8509740379534156,0.01593319053045027,0.44336428731283206,0.5131153862277995,database,shuffled-dipeptide,2,8,200,78421,17746615,0.5
519.500,1,0.000,,false,0.8509740379534156,0.01593319053045027,0.44336428731283206,0.5131153862277995,database,shuffled-dipeptide,2,8,200,78421,17746615,0.5
520.000,1,0.000,,false,0.8509740379534156,0.01593319053045027,0.44336428731283206,0.5131153862277995,database,shuffled-dipeptide,2,8,200,78421,17746615,0.5
520.500,1,0.000,,false,0.8509740379534156,0.01593319053045027,0.44336428731283206,0.5131153862277995,database,shuffled-dipeptide,2,8,200,78421,17746615,0.5
521.000,1,0.000,,false,0.8509740379534156,0.01593319053045027,0.44336428731283206,0.5131153862277995,database,shuffled-dipeptide,2,8,200,78421,17746615,0.5
521.500,1,0.000,,false,0.8509740379534156,0.01593319053045027,0.44336428731283206,0.5131153862277995,database,shuffled-dipeptide,2,8,200,78421,17746615,0.5
522.000,1,0.000,,false,0.8509740379534156,0.01593319053045027,0.44336428731283206,0.5131153862277995,database,shuffled-dipeptide,2,8,200,78421,17746615,0.5
522.500,1,0.000,,false,0.8509740379534156,0.01593319053045027,0.44336428731283206,0.5131153862277995,database,shuffled-dipeptide,2,8,200,78421,17746615,0.5
523.000,1,0.000,,false,0.8509740379534156,0.01593319053045027,0.44336428731283206,0.5131153862277995,database,shuffled-dipeptide,2,8,200,78421,17746615,0.5
523.500,1,0.000,,false,0.8509740379534156,0.01593319053045027,0.44336428731283206,0.5131153862277995,database,shuffled-dipeptide,2,8,200,78421,17746615,0.5
524.000,1,0.000,,false,0.8509740379534156,0.01593319053045027,0.44336428731283206,0.5131153862277995,database,shuffled-dipeptide,2,8,200,78421,17746615,0.5
524.500,1,0.000,,false,0.8509740379534156,0.01593319053045027,0.44336428731283206,0.5131153862277995,database,shuffled-dipeptide,2,8,200,78421,17746615,0.5
525.000,1,0.000,,false,0.8509740379534156,0.01593319053045027,0.44336428731283206,0.5131153862277995,database,shuffled-dipeptide,2,8,200,78421,17746615,0.5
525.500,1,0.000,,false,0.8509740379534156,0.01593319053045027,0.44336428731283206,0.5131153862277995,database,shuffled-dipeptide,2,8,200,78421,17746615,0.5
526.000,1,0.000,,false,0.8509740379534156,0.01593319053045027,0.44336428731283206,0.5131153862277995,database,shuffled-dipeptide,2,8,200,78421,17746615,0.5
526.500,1,0.000,,false,0.8509740379534156,0.01593319053045027,0.44336428731283206,0.5131153862277995,database,shuffled-dipeptide,2,8,200,78421,17746615,0.5
527.000,1,0.000,,false,0.8509740379534156,0.01593319053045027,0.44336428731283206,0.5131153862277995,database,shuffled-dipeptide,2,8,200,78421,17746615,0.5
527.500,1,0.000,,false,0.8509740379534156,0.01593319053045027,0.44336428731283206,0.5131153862277995,database,shuffled-dipeptide,2,8,200,78421,17746615,0.5
